d0g6Lte0fBM;Vídeo de recepção dos alunos da Comunidade de Estatística (Onboarding Comunidade 2.0)
yP37gieXD_8;Experimente a Comunidade de Estatística Gratuitamente - Prof. Thiago Marques
GiGaHMEHizE;Segundo dia de workshop SWAP - Prof. Thiago Marques
evPnHrrfOg4;Happy Hour Comunidade Experience (Recepção alunos turma 20 + RPG COM ESTATÍSTICA)
Pb9rxgl5xDQ;Ocupações tradicionais e modernas de aplicação da Estatística
YTiaP_O4Exw;Live Norberto Berti (CEO Eurekando) - RPG com Estatística
Ma-BUDIyc6M;Comunidade Experience: Comemoração 3 anos (Abertura Completa)
UNqBYLUtWP0;Comunidade Experience: Comemoração 3 anos
aRKFeQAB5V0;Recepção e Networking - MBA BSBR DS e STAT com Python
JqNhus8EyPM;Apresentação do MBA EM MARKETING DIGITAL E ANALYTICS dos Professores e Alunos - BSBR
g-Ugm5jmqVU;Geoestatística - Parte 2 - Prof. Angelica Caseri
U0gHKP-IIiA;Turma 17 Comunidade de Estatística -  BLACK NOVEMBER 50%OFF
o6XSM_ob5fo;Ícaro Zelioli - Apresentação no Power BI
Natu3xkRBH8;Ícaro Zelioli -  Detecção de Anomalias em Processos utilizando Análise de Componentes Principais
ePN6R6axOqk;Estatística Descritiva e Construção de Dashboards - Aula 01 MBA DATA SCIENCE E STATISTICS BSBR
Lge_obpcJAo;Geoestatistica - Parte 1 - Prof. Angelica Caseri
AgUonbDW7Ic;Episódio 5: Ideologia e Comportamento com o Prof. Dr.  Rafael Porto UNB
tcL-3nGHPSY;Sorteio dos prêmios: Semanas da Estatística e P.O. com R
tXFazA4gpMM;Episódio 3: Como os algoritmos podem favorecer o debate na rede social
Fqu13v557Tc;Episódio 4: Como combater o churn com dados
FJpbrNn6T90;Episódio 2:  Como lidar com o cancelamento na Internet
zcPveq02Gw0;Episódio 1: Inimigos do Churn
y3b3xPSdD_I;Data Science: Estatística na Veia - Semana de Tecnologia Anhembi Morumbi - Prof. Thiago Marques
wagJJMhD7rw;MBA PUC RS - MBA em BI, Mkt Digital e Estratégia Data Driven - Data Mining e Predictive Analysis
kfMVRv2Jrm8;Transição de carreira: Da Geofísica a Data Specialist na Wartsila (Finlandesa) - Fabio Carvalho
wMQjVdZgM4Y;Semanas da Estatística e Pesquisa Operacional com R - 20 à 30 de Setembro
VZ4fdk40EBE;Da área de Biomédica a Analista de Analytics na Multinacional Accenture - José Fernando
ngl9z9gx-9Y;Apresentação do  MBA EM DATA SCIENCE E STATISTICS dos Professores e Alunos
Qh-m9op6j6Y;Sorteio da Semana de estatística aplicada à IA e educação
W1tZKsN2C90;A importância da Estatística na Ciência de dados - Let's Data Instagram
m--GiUuwyHk;Depoimento Aluno Ivanilson - Casa da Pesquisa Operacional
CyMUVW2TvGI;Flávia Davide:De analista de negócios a gerente de divisão - Maior empresa pública do mundo (SERPRO)
zBvdyY7V-qw;Eliana Rigoni  Rigoni (Analista de dados Ambev) : Do B.I a Analista de dados da Ambev tech
xAEWm-lwBIE;Semana da Estatística e IA na Educação - 12 a 16 de julho (Gratuito)
rdr1wu7ltIs;Big Data Analytics - Aula 8 - Demonstrações de ferramentas e Hands On
f1XIFY4Yc2g;Henrique Comaru (BI Developer Ambev Tech) - De analista de Marketing a BI Developer AmBev tech
86Ex2ZKAzb4;Estatística no mercado vs Estatística na academia, será que dá Match? Descomplica AI YouTube
z06IOytDpm0;Big Data Analytics - Aula 7 - Mensageria, Replicação e Integracões de Dados
byl0TecEbuI;Tutorial Instalação Power BI Desktop   Prof  Thiago Marques
SpFU46tDfzc;Big Data Analytics - Aula 6 - Hadoop e suas Integrações
29663_qI-xU;Alteryx - Conclusão do Curso
JL6E-ekbZh4;Uma Estatística toma chá - Professor Thiago Marques
letnFTIjykg;Big Data Analytics - Aula 5 - Processos e Desenvolvimentos
wBf_fH_Sdyc;Alteryx - Output - Aula 17
V0cb_ZSLLl4;Big Data Analytics - Aula 4 - Arquiteturas de Dados e Recomendações de Caso
VYR6GJSZCGw;Big Data Analytics - Aula 3 - Cases e Aplicabilidades
GtxhcLMUCNM;Alteryx - Select - Aula 16
s3fgUKDH6nU;Depoimento Wagner - Comunidade de Estatística do Prof. Thiago Marques
Q2C4d511cqQ;Big Data Analytics - Aula 2 - A Era das Estratégias de Dados
FI820_KJlq0;Alteryx - Union - Aula 15
NGmQZdrr618;Big Data Analytics - Aula 1 - Dados e o Mercado Financeiro
xQCjNNnBjCs;Alteryx - Join - Aula 14
v7dpmIalnEk;Integração do Google Analytics e R - Extraindo dados (parte 6) - Ana Carolina Braga
BLYsQZ6mxkY;Integração do Google Analytics e R - Código de autenticação (parte 5) - Ana Carolina Braga
ptUm8COm-X0;Integração do Google Analytics e R - Baixando pacotes no R (parte 4) - Ana Carolina Braga
DxrtCwwokAQ;Integração do Google Analytics e R - Ativar API (parte 3) - Ana Carolina Braga
CNUIixzqAUk;Integração do Google Analytics e R - Usuário de teste (parte 2) - Ana Carolina Braga
RQMLqYnqwZc;Integração do Google Analytics e R - Chave de acesso (parte 1) - Ana Carolina Braga
m9X5a--rqPY;Alteryx - Formula - Aula 13
0UtS0c0iLxg;Power BI:  Dashboard Básico - Marco Milanez
-epkWWakCB8;Nuvem de palavras com R no Power BI - Marco Milanez
o2UsfLuRrGA;Pílulas de conhecimento do EstaTiDados - Dicas para evoluir chatbots (Celisa Saito (Consultant))
hbnNHZY2LHk;Alteryx - Summarize - Aula 12
e6eXP-pKW-4;Pílulas de conhecimento do EstaTiDados - Quando aplicar ISOMAP (Prof. Alexandre Levada (UFSCAR) )
BsreCyOPWe0;Pílulas de conhecimento do EstaTiDados - Competências para Data Scientist (Allan Sene - DataSprints)
sRDWpsFBEWA;Alteryx - Tile - Aula 11
fDyg2Z_dmFM;Pílulas de conhecimento do EstaTiDados - Netnografia (Débora Zaninini Coordenadora Natura)
XL4JT2n8GP8;Primeira Maratona de Estatística,Pesquisa Operacional e Ciência de dados - Comunidade de Estatística
pOzzqdFbTQg;Pílulas de conhecimento do EstaTiDados - Data Science para negócios (Andrei Graça Partner EY)
xb-xgCh4ayk;Alteryx - Transpose - Aula 10
pVdVBEwHZLY;Alteryx - Sample - Aula 9
jwBP8Di2Jyc;Alteryx - RecordID - Aula 8
lLnu5HLg8hI;Alteryx - Sort - Aula 7
P-W2aEPaNHg;Alteryx - Auto Field - Aula 6
8uPw7xPnUXo;Alteryx - Filter - Aula 5
EbIyfWjn_jE;Baixar Dados da B3 de forma fácil com R e pacote GetDFPData2 - Leonardo Chalhoub (Mestre ADM UFPGS)
Zzxvm1bIN40;Alteryx - Unique - Aula 4
qThmujUlSv0;Alteryx - Data Cleansing - Aula 3
dQKYET5fZ1s;Alteryx - Input Data - Aula 2
0a6fHusC6x0;App portfolio R Shiny - Prof. Thiago Marques (USP/IBGE)
a2j7QP75pGQ;Alteryx - Introdução ao Alteryx - Aula 1
cuh5HmevlAc;Instalando R e R Studio - Comunidade de Estatística - Prof. Thiago Marques
ZO2Egj99QM4;Workshop Projeto Màiron Chaves - Self Service Estatística com R (Prof. Thiago Marques)
Wlv5I19KC5U;Aula 09 – Dados fundamentalistas com a GetDFPData - Trading com Dados
YshV4FefDJw;Aula 08 – Utilizando médias móveis - Trading com Dados
NwL_MrTzg7w;Avaliação de Imóveis - Rafael de Jesus (Engenheiro IME/RJ)
iDfuRYGdsOE;Aula 07 – Obtendo e visualizando dados de ações com a quantmod - Trading com Dados
lewBOw8o9Qk;Aula 06 – Calculando correlação e construindo portfólios - Trading com Dados
0GwdkfXAqIU;Aula 05 – Plotando os gráficos de todas as ações normalizadas - Trading com Dados
oiGD7UBLpmc;Aula 04 – Normalizando o preço das ações - Trading com Dados
chC3bwEL55M;Aula 03 – Plotando os gráficos das ações - Trading com Dados
w1yHB2HtW5s;Aula 02 – Trabalhando com as ações do IBOV através da BatchGetSymbols - Trading com Dados
7sOMtzdxTxs;Aula 01 - Conceitos de Investimentos e Introdução às Bibliotecas - Trading com Dados
AeDAuTet1k8;Atalhos e dicas no RStudio - Magos do RStudio - Prof. William GIani
fQkeDjgSSgs;Aula 06: Marketing Analytics - Prof. Thiago Marques(USP/IBGE) e Marcos Severo (UFG)
hGSZlnLoRIg;A arte da engenharia de dados - David Braga (Head IBM e Maestria dados)
AIF3OTjInfs;Tomada de dec. por vieses cognits e heurístics-Bianca Almeida (Neurocientist UFABC-Analist CRM VIVO)
g-mGKCULUWQ;Desafios para gerir uma equipe de Analytics - Eliziane Ramos (Coordenadora de Analytics na UNILEVER)
K8DdBAnSxDY;Pesquisa de Mercado  - Jéssica Mathias (Pós-Graduação Marketing FAE e Estatística na CLAMED)
YlkiTwspfwg;PSI+TI = Uma equação que dá certo!  - Laylla Toledo (CEO E-Sinapse)
Dea9cFbuZws;Análise Multivariada na  precificação de Seguros -  Laura Ricordi (Coordenadora - Tokio Marine)
AgdTiR_3Yzc;Clusterização no IFOOD - Rebeca Menegoli ( Data Business Hacker - The Bridge Social )
dqERZwel7oc;Aula 3  Exemplos de uma Abordagem Science Driven -  Prof. Leonardo Bars
mYXeAZ_SfDw;Curso gratuito - Marketing Analytics - Prof. Marcos severo (UFG) e Thiago Marques (USP)
oG9ujS9AmBw;Aula 11 - Automl Classificação - Prof. Flávio Clésio
vCogzXdoBHc;Deploy no Shinnyapp.io - Prof. Jonatas SES
4cj7QFVbnUw;7º Meet Up Data Science 2020 - Ciênica de dados e Estatística em Python -  Diogo Picco(Inferir e BB)
H6o5QbYqgak;7º Meet Up Data Science 2020 SERPRO - Data Science: Estatística na Veia
hhU7gFX-oQU;Construindo carreira em inteligência de mercado - Cindi Leal (Especialista inteligência Brasscom)
QrEl39p4B20;Construindo uma carreira de gestão em Data Science - Walison Abreu (Head DS da SGA)
yv4hYP3jJ6I;Estatística aplicada ao esporte e carreira em Esporte Analytics (Canal Esportístico)
dIqhPMMMmB8;Antonio júnior (Cientista de dados da Boticário) - Construindo uma carreira em Analytics
hnkeR40zC7E;Aula 10 - Grid Random Search - Prof. Flávio Clésio
8HZ06xHGDQs;Aula 1 - Trabalhando com os microdados da PNAD COVID19 no R - Prof. Cleiton Rocha
I5SZBAffX-g;Live Giovane Tortelote - Pós Doutorado Tulane University - Avaliação básica de transcriptoma em R
A4TOqkio6l4;Aula 2   Fundamentos de uma Abordagem Science Driven - Prof. Leonardo Bars
tP8Z18GRXYQ;Modelo AdaBoost - Teoria - Prof. Danilo Morales
gdhM3QZm6JY;Aula 09 - Stacking classificação - Prof. Flávio Clésio
bmW_O6yTFVo;Aula 1   Introdução à uma Abordagem Science Driven - Prof. Leonardo Bars
u7F1rXZYOZ0;Aprendizado em conjunto (Ensemble Learnings) - Teoria - Prof Danilo Morales
cvDQF5jZuQM;Aula 08 - Xgboost Classificação - Prof. Flávio Clésio
CbejnYx8JlQ;Máquina de vetores de suporte (SVM) - Teoria - Professor Danilo Morales
0oia19nuUWs;Aula 07 - Random Classificação - Prof. Flávio Clésio
vcxM5T28MF0;Aula 06 - Gbm Classificação - Prof. Flávio Clésio
-_6MyYAiZtQ;Casa da Pesquisa Operacional (CPO)
bzA6u1L2lp0;K Vizinhos mais próximos (KNN) - Teoria - Prof. Danilo Morales
TCma9HvRCQg;O que é Pesquisa Operacional? - Sociedade Britânica da Pesquisa Operacional
eIB3qe1olog;Tipos de Aprendizado de Máquina - Prof. Danilo Morales
RlOFqTSkgEQ;MC05 - Tabelas - Prof. Marcello Nascimento (Aprenda Tableau)
kc6KBUZYYn4;DataStorytelling comunicando - StéfanoCarnevalli - Vídeos novos - Parte3
Gd4aneExJQ0;MC04 - Gráfico de linhas e agregação - Prof. Marcello Nascimento (Aprenda Tableau)
hXGSv498Jpk;Teste Qui-quadrado Independência - Beta Analitica (Consultoria em Análises Estatísticas)
T8QJonYrl94;DataStorytelling comunicando - StéfanoCarnevalli - Vídeos novos - Parte2
BZl_c8LKqNI;Aula 05 - Glm classificacao treino - Prof. Flávio Clésio
y98-oxv5B4o;Aula 01 - Psicologia Experimental e Inteligência Artificial: Base Filosófica - Prof. Rafael Delgado
kXnBTf0pRfA;Aula 05 - Glm classificacao producao - Prof. Flávio Clésio
4nyg5hLOOLQ;DataStorytelling comunicando - StéfanoCarnevalli - Vídeos novos - Parte1
5-Vc7j17vxY;Semana da Estatística (Gratuita) - Comunidade de Estatística Prof. Thiago Marques
Sd854Bryy0c;Aula 04 -  H2o Data load regressão - Prof. Flávio Clésio
K207niOwspk;Aula 04 - h2o data load classificacao - Prof. Flávio Clésio
q9fnSfvEsVA;Depoimento Aluno Pablo - Casa da Pesquisa Operacional
6W4hOGqcR4g;Depoimento Aluno Antônio - Casa da Pesquisa Operacional
3IZGZx58FBI;Depoimento Aluna Neyde - Casa da Pesquisa Operacional
DcIwUk8_E_4;Machine Learning com o pacote tidymodels - Otávio Augusto (Estatístico UFMG)
LLmEMoRZkgs;live Weslley Moura - Mestre em engenharia de computação pelo IPT Portugal - Apache Spark
EumeZnyvTzA;Fernando Bastos - Doutor em Estatística pela UFMG - linguagem LaTeX e apresentações em LaTeX
p0gLbetKjbQ;Live Rômulo Freitas - Cientista de dados pela IBM - A plataforma IBM Watson
9cUo3BpBVjg;Live Filipe Luz - Cientista de dados (BB) - Diferentes técnicas de pre-processamento para NLP com ML
NJAJCKVKOEY;Live Henrique Dalazuanna - coordenador de I.M da Psychemedics) - Área de Inteligência de Mercado
J6DjhhZN9-A;Aula 03 - h2o introdução a manipulação dados (Primeiro modelo) - Prof. Flávio Clésio
gzgjfBWWinM;Aula 02 - intro repositorio git - ementa curso - Prof. Flávio Clésio
4sDdjGD2ZMI;Depoimento Flávia- Comunidade de Estatística do Prof. Thiago Marques
cMlZqpXskWA;Aula 01 - h2o arquitetura casos uso - Prof. Flávio Clésio
rgMC7PQOKS0;Live Mario Filho - Machine Learning Expert - Competições do Kaggle e como chegar nos tops
Xsngp-5mQVo;@techme - Big data e ciência de dados
xbhv-3rxaJQ;Depoimentos dos alunos da Comunidade de Estatística do Prof. Thiago Marques
RZnEJmxPCRc;Introdução à Teoria das Probabilidades - Prof. Francisco Rodrigues (USP)
5CyT0Zq0XuE;Defesa de dissertação - Pedro Henrique Andrade de Oliveira - Mestrado Profissional - CBPF
hzTiGamrIgU;Live Leandro Corrêa - DS da Dito - Carreira e importância da Estatística em sua caminhada.
8DrrvVFtZeI;Live Daniel Takata - Doutor pela USP e dono do canal Esportístico - Estatística no Esporte
YUUwdHRcsHA;Live Leandro Guerra - Head Experian de Analytics - Finanças Quantitativas
mnBbIF4NoIc;Live Adriana Silva - JEDI em Analytics (ASN.rocks) - Importância da Estatística
I3DuSiUrIJw;Análise dos dados da Covid19 - Parte 3/3 - Prof. Dr. João Igor
gaXhHgqSrcU;Detecção de infratores no presídio de MG, por meio de imagens Deeplearning   Felipe Santana
73Hs8EFENdA;Análise dos dados da Covid19 - Parte 2/3 - Prof. Dr. João Igor
RAB_ExtfMoI;Live Walison Abreu - Projeto final Udacity - Head of Data Science Tecnologia Inteligente Ltda
s6U_-efLeTE;Homenagem dia das mulheres e a Estatística no esporte -  Prof. Gabriela Machado
N1jlKv7jnGU;Live Recepção T5 + Paloma Vaissman - DS do IFOOD - Carreira de Ciêntista de dados e Séries temporais
-gzKDkckBBA;Live Recepção T3 + Live Máiron Chaves (C.D Vlogística) - Estudo de caso de Modelagem Estatística
aZTJd0y0KDw;Análise dos dados da Covid19 - Parte 1/3 - Prof. Dr. João Igor
mE4moXAYzTI;Regressão polinomial usando a biblioteca SkLearn do Python - Prof. Danilo Morales
_RhBajuL7Ag;Seleção de requisitos de um projeto, usando solver do Excel - Prof. Felipe Moreira
gpwskGs4ToI;Live Tiago Dantas - Head da Blu - Aumentando o Poder preditivo de séries temporais
jHGPxYinyZ8;Live Luiz Paulo Fávero e Rafael de Freitas - Montvero - Instrodução ao Data vis no R
-3hwrz_nmv4;Aplicação no Excel do método TOPSIS - Prof.Felipe Moreira
DY0rgbzU4Gk;Como realizar uma regressão polinomial usando o método dos mínimos quadrados - Prof. Danilo Morales
Ul9dfv9mSQg;Depoimento Thays - Comunidade de Estatística do Prof. Thiago Marques
1bkSoI2q1SU;Depoimento Glauber - Comunidade de Estatística do Prof. Thiago Marques
f-_XqHwMpPI;Conceitos Atuariais e Pilares de Gestão de Risco - Professora Maris Caroline
L33TCv2ajr8;Definição teórica da regressão multilinear - Prof. Danilo Morales
3EHY_76pods;ANOVA em DIC e DBC no R
nKSzUS6oQm0;MC03 -  Gráfico de Barras, Classificação e Cores - Prof. Marcello Nascimento (Aprenda Tableau)
Z9YHhLQaU-M;Teste t para duas médias independentes Variâncias diferentes Exemplo Profª Camila Maida
G2Ip0Oc3FdA;Teste t para duas médias independentes variâncias semelhantes - Exemplo Profª Camila Maida2
TnoNCifdD2w;DIC -  Profª Camila Maida
JVX4sBIYPwg;Matemática Atuarial: Rendas - Prof. Raiane  Vieira
iKdpiCnm33g;Teste t Student para uma média populacional Ex1 -  Profª Camila Maida
MOyH9x0wMfY;MC02-Conectando a dados - Introdução ao Tableau Public - Prof. Marcello Nascimento (Aprenda Tableau)
bAU3J58-Dqo;Testes de Hipóteses  - Teste F Exemplo00 - Profª Camila Maida
JGwyLmjEMJQ;Introdução a Django para criação de Websites - Aula 2
RNrxBPLF3q4;Teste t para uma média populacional Ex2  - Profª Camila Maida
WdTp5z7n5gU;Permanova Prática - Análise Multivariada - Prof. João Igor
rQxD-QzppGo;Marketing Analytics - Parte 04 - Prof. Marcos Severo (Pós-Doutorando em Mkt Analytics (USP) )
b_DIQ8k2tEo;Introdução a Testes de Hipóteses - Profª Camila Maida
bQuSrjUiMKE;Depoimento Pedro - Comunidade de Estatística do Prof. Thiago Marques
OexyAMGy0gc;Comunidade de Estatística do Prof. Thiago Marques (update turma 7)
FEX8S_akj5Y;Marketing Analytics - Parte 03 - Prof. Marcos Severo (Pós-Doutorando em Mkt Analytics (USP) )
_iQCfh799-U;Medidas de erro em problemas de Regressão - Prof. Danilo Morales
QbDSBtmrlbI;Marketing Analytics - Parte 02 - Prof. Marcos Severo (Pós-Doutorando em Mkt Analytics (USP) )
nDo8udNx4Ig;Bate papo Estatística Thiago Marques/Norberto Beti - Eurekando
lmU7Wfg-hS0;Marketing Analytics - Parte 01 - Prof. Marcos Severo (Pós-Doutorando em Mkt Analytics (USP) )
h5aL0M1HB38;Live Método Analytic Hierarchy Process (AHP): Eng. Prod. Lucas Ramon e Prof. Dr. Marcos Santos
HnbYKphfmVY;Permanova teoria - Análise Multivariada - Prof. João Igor
qFJ0Bw7sNAc;Testes de Correlacão  - Beta Analitica (Consultoria em gestão de dados e Análises Estatísticas)
lrluatkiy0A;MC01 - Introdução ao Tableau Public - Prof. Marcello Nascimento (Aprenda Tableau)
36kTP_xCHJg;Introdução a Distribuição Normal de probabilidade -  Profª Camila Maida
rmqpOV__5GE;Estatística básica - Medidas de tendência central e Dispersão usando Python - Prof. Danilo Morales
5S2Us5rpqbE;Live Passo a passo para Escrever um Artigo Científico - Prof. Dr. Marcos Santos - Professor do IME)
V_TimiS0kTs;Introdução a Django para criação de Websites - Aula 1
7SOV3GRl5kg;Luiz Paulo Fávero (Professor titular de DS e Business analytics na FEA/USP) - Modelos Multinível
eDi88i_YYxc;Live Marcelo Ventura -Prof. USP-Probabilidade como Caracterização Quantitativa de Escolha Racional
-hh1HQMCuZQ;Live Eng. Prod. Fabrício Maione(IME) e Prof. Dr. Marcos Santos (IME): Método THOR
7vig_Nm_Z6U;Cases - conceitos de Curtose e Assimetria-  Fôlego Empresas e Coronavírus - Prof. Thiago Marques
2lzjEfbDhKA;Live Eng. Prod. Miguel Lellis (IME) e Prof. Dr. Marcos Santos (IME): Método PROMETHEE-SAPEVO-M1
xqdc83GQnhI;Live Eng. Prod. Miguel Lellis (IME) e Prof. Dr. Marcos Santos (IME): Métodos PROMETHEE I, II e III
HD1vgCfCMsM;Ponto de corte em tarefas de classificação: uma escolha inteligente - Prof. Felipe Polo - Parte 2
BPEvVko6oIg;Ponto de corte em tarefas de classificação: uma escolha inteligente - Prof. Felipe Polo - Parte 1
MguFFgUfcbc;Marcel Ribeiro Dantas - Doutorando em Causal Data Science (Sorbonne University) - Inferência Causal
YoZWlktVc34;Instrodução ao NumPy - Aplicação - Prof. Danilo Morales
2cQS2wGX1VU;Analise Discriminante - Teoria - Prof. João Igor
mykHzF2jGPk;Live Grimaldo Oliveira (Coordenador do Núcleo de Inteligência de Dados da BAHIA) - Árvore de decisão
SQ_g0d5GpDc;Live Marcelo Ventura - Professor USP - Introdução às Bases da Estatística Bayesiana" - Parte 1/6
G2GxPFB8E3I;Doenças Genéticas e a COVID-19 - O que tem a ver com o Data Science
g60zQ1ky-CY;Live Cauê Guimarâes (Coordenador de Estatística da EBANX) - Ranqueamento de atletas de Futebol
ZD4G1bLqGvQ;Live Prof. Doutor Marcos Santos (IME/ITA) - Método AHP-TOPSIS-2N - Apoio a decisão Multicritério
PluedVaKSFo;Live Alcely Barroso (IBM) - brilhante carreira e as Skills desejáveis dos Data Scientist´s e CEOO´s.
-_0OT4g32W4;Instrodução ao NumPy - Prof. Danilo Morales
loAnI0r2YEo;R Avançado 04 - Agrupamentos  K Means - Professor Rodrigo Rosa
V0Bwas6UZ2k;Sapevo - M (Simple Agregation of Preferences Decision Making) no R - Prof. Thiago Marques
kKykrTV17oU;Tratamento de dados no R para elaboração de Dashboard em PBI do Censo Escolar - Marco Milanez
SDPmO8ikwTs;Ciência de dados - Qual a importância frente ao Coronavírus - Prof. Júlio Cesar
Mt2xpkhnEwo;Live Denys Fehr - Fundador e CEO da Just a Little Data e do PetsdoBem
QBzQ-giGiQ4;Sorteio Big Data Brasil Day - Ganhadores Ingressos e kit Completo
Gr-tSvIwqW0;Sorteio BIG DATA BRASIL DAY INGRESSOS E KIT COMPLETO
ut91uz_4ISg;Tratamento de Missing values para Machine Learning - J!Quant
jdeFUgV1IHA;Pré-Processamento dos dados para Machine Learning - J!Quant
qPT9BVZW2KQ;Analise Discriminante - Teoria - Prof. João Igor
pBRiQu6h39k;R Avançado 03 - Regras de Associação ECLAT - Prof. Rodrigo Rosa
XYSvGv9bFtI;Live Método SAPEVO-M e Plataforma SAPEVOWeb - Prof. MSc. Luiz Frederico e Prof. Dr. Marcos Santos
FeTTE7WaGAE;De Darwin aos Grandes Bancos de dados - Prof. Júlio Cesar
tu6OWREG8L8;Agenda Engenharia de dados -  Professor David Braga
slJh3dyeRkw;Live Recepção Turma 6+Fernando Amaral (Professor e Autor de livros de DS) - Algoritmos genéticos
ZPh4rnr4fSg;Live Tatiana Escovedo (Cientista de dados PETROBRÁS) - Introdução a Ciência de dados e Data Mining
noJKfdyz4Nk;R Avançado 02  - Regras de Associação - Apriori - Prof. Rodrigo Rosa
w_8kDGeeWHQ;Live Carla C.P.Cruz - Mestre em Ciências Computacionais UERJ- Carreira e Text Mining
weVB9eS-4LE;R Avançado 01  - Introdução - Prof. Rodrigo Rosa
lElIoRhpnnA;Comunidade de Estatística do Prof. Thiago Marques
EbvVx0rb8g4;Introdução a Linguagem Julia - Prof. Romerito Moraes
UGjuZhht8T4;Depoimento Walison - Comunidade de Estatística do Prof. Thiago Marques
EyDrb3igKAA;Depoimento Pablo - Comunidade de Estatística do Prof. Thiago Marques
dRhjsrV7siM;Depoimento  Moisés - Comunidade de Estatística do Prof. Thiago Marques
EPwlJ4yS4Sk;Depoimento Jonathas - Comunidade de Estatística do Prof. Thiago Marques
Mcvdrsld6Ks;Depoimento Geilson - Comunidade de Estatística do Prof. Thiago Marques
pE4ngeEdpfw;Depoimento Bianca - Comunidade de Estatística do Prof. Thiago Marques
CHQXsSR3CkA;Trabalhando com Datas no Pandas - Prof  Fernanda Santos
wGPlUz9lvMo;Gerson Vasconcelos (Cientista de dados da Hotmart) - A Ciência de dados dentro da Hotmart
VKZe49nNtxw;LuIz A. Esteves (Economista Chefe do Banco do Nordeste) - Carreira e aplicações de econometria.
C4meGbEvlwU;Pressupostos Teóricos da Tomada de Decisão Multicritério”, com Prof. Dr. Marcos Santos
KXoy005kYls;Gráficos point and click (Drag and drop) - esquisse R - Prof.  Antônio C.  da Silva
FeiolZe0AKU;Prevendo doações de sangue - Prof. Vinícius Galvão
-kn4-4Ajqv0;Pacote R - Baixando a Jurisprudência do TJ SP - Prof. José de Jesus
4ifO4RPtHuw;Orange Data Science - Desenvolvimento modelo de regressão - Prof. Grimaldo Oliveira
xoO-xVrss9o;Aprenda Orange para Data Science com o  Prof. Grimaldo Oliveira
X8olIhUUiT4;Como se livrar das caixas pretas e ter mais confiança nos modelos - Prof. Vinícius Galvão
mdsx8WNEOgc;Flexydashboard - Aprenda a fazer dashboards em R - Caio Moreira
xpVGtk7Kgow;Live Rafael Nasser - Cordenador do núcleo de inovação da PUC - Blockchain e Mercado de seguros
-wdgLnRUpok;Teoria Geral de Sistemas e Tomada de Decisão (Prof. Dr. Marcos Santos - Professor do IME)
l8etPeTEB3Q;Seleção de fornecedores através da aplicação do Método (SAPEVO M)
H0aEOpMNmJ0;Aprenda a distribuição Binomial com Adriana Silva (JEDI asn.rocks)!
wGavJF664rI;Aplicação do Método Híbrido AHP TOPSIS 2N - Ana Lívia Caitano
n9w4vw9sUl8;Tutorial Sapevo M - Thiago Marques (IME)
KTKqTY9B2UY;Como escolher variáveis e como alinhar as escolhas ao seu negócio
ZoB3iny6BUQ;Projeto Enade INEP (Rmarkdown) - Comunidade de Estatística do Prof. Thiago Marques
6Q3SXs5agaU;Live Rafael Martins de Souza (Professor FGV EPGE e UERJ) - Economia e Ciência de Dados
1Su3ksH9Y2o;Como fazer animações no Flourish - Gols do Brasileirão (Série A) - Leonardo de Matos
HvWReTi8RTI;Live Lilian Carvalho - Prof. e Coordenadora de Marketing da FGV - Marketing Digital e Data Science
dp1pnCYp9qA;Pílula 00 - Comunidade de Estatística - O que é Estatística e em que áreas de subdivide
pROpx-a_9Es;Live Fabiana Melo (Estatística UFSCAR  e MBA em Adm FGV) - Carreira e Área de Analytics
OdLtIRi7JQo;Completão - Web Scraping e nuvem de palavras com Power BI
miBNYkSv2B0;Parte 3/3 - Web Scraping e Nuvem de palavras com Power Bi - Prof. João Oliveira
F_BLVk8Cd5o;SPOLM 2019 ( Simpósio de pesquisa operacional e logística da Marinha
oMDcoJCitLQ;Live Sabrina Amélia (Atuária UFMG e Doutora em ADM/Finanças pela UFMG) -  Mercado Financeiro
sPWP7HImXtI;Analise de crédito no R - Daniel Souza
EVEYgzmydsk;Live Marco e Maurílio - Estatística + Inteligência Geográfica
-5lchl0mmkQ;Parte 2/3 - Web Scraping e Nuvem de palavras com Power Bi - Prof. João Oliveira
siKGOpiereI;Parte 1/3 - Web Scraping e Nuvem de palavras com Power Bi - Prof. João Oliveira
Hy4zUSrVgVQ;Live introdução a Probabilidade - Prof. Thiago Marques
QbcWI9iUlrg;Métricas de avaliação do modelo - JEDI Adriana Silva
HQKxEmEApQY;Potencialidades do R - Montvero consultoria e treinamentos
bQUWcc587UY;Live Fernando Barbalho - Auditor do Tesouro Nacional - Introdução e Projetos feitos em Shiny
reVyDpK4d0I;Truque de performance usando Pandas - Fillipe Dornelas
jwj0qWO8xB8;Entenda o porquê de se fazer um modelo - Prof. Adriana Silva (JEDI)
FCRStdk9hRg;Redes Neurais Artificiais - Conceitos teóricos e práticos básicos - Matheus Pussaignolli
zFdXS4QjW-8;Regressão linear - Interpretar os coeficientes do modelo de regressão linear simples e múltipla
mnAp0hV-xp0;Instalação da linguagem JULIA -  Romerito Morais
xPXUE7scEBQ;Webinar FC Nuvem e EstaTiDados - Introdução a Estatística para DS
n-xb3UKzlZQ;Live Comunidade de Estatística - Importância da Estatística na Ciência de dados - Luiz Paulo Fávero
-cj9Co2iZAI;Análise Multivariada - Análise Fatorial
0RbUk3pjSKY;Demistificando Séries temporais - Fernando Amaral
zgsZUw5wEoM;O que é R, qual a sua importância, história, RStudio e pacotes
nJVK6RP0Eo0;Data Mining e text mining (SQL e conexões R SQL) - Roger Sampaio
FETowvxGwLw;Data Storytelling - Stefano Carnevalli - Parte4
yJuG-9UgxhQ;Live Mariana Nolde - Área de modelagem de crédito e desafios  - Comunidade de Estatística
eD3-KW3WdS0;Gráficos Estatísticos no R (ggplot2, plotly e GGally)   (live realizada em 20/08/2019)
FBL-mdFO2vc;Data Storytelling - Stefano Carnevalli - Parte03
aS2xLREG24A;Planejamento de Experimentos - Prof. Tatiana Assis
vyh-xDKSHNU;Data Storytelling - stefano carnevalli - Parte2
l3Er3XVx1io;Data Storytelling - Stefano carnevalli - Parte01
zH_EO5-uhIo;Parte 2 - Análise descritiva na Base de dados do ENADE Usando R  - Camila Koehler
W8OIg23O_Qk;Parte 1 - Análise descritiva na Base de dados do ENADE Usando R  - Camila Koehler
eH9s7l3R9bQ;Live Rafael Arruda - Pentaho e BI - Comunidade de Estatística do Prof. Thiago Marques
2BAc2HUNqeM;Power BI - Dashboard Básico de Segurança Pública
lW6miLgkYN4;Estatística: O motor do Data Science - BIG DATA Experience 2019 - Thiago Marques
wJIzADwI1vg;Balanço do setor público (bspn) interativo
jU7jaYcInvQ;Sistemas de Recomendação - Market Basket Analysis com o algoritmo APRIORI no R
pc60AIrTvKI;Parte 1 - Conexão de bancos de dados SQL com Python
Yur6xweUAGQ;O que é Gradient Descent e como aplicar no R
7a7IJM225D0;Aula 15 - Função CrossTable - Tabelas Cruzadas Parte 2 -  Curso de R para Finanças Quantitativas
fyIqhtKD57E;Metaclassificação com H2O do R - Prof. Máiron Chaves
v2L37vM-3IE;Análise de dados no Python - Gráficos no Matplotlib - Professora Fernanda Santos
txC3Bgk0od8;Parte 3/3 - Selenium com Beautil Soup no Python - Simulando consultas no Google!
H3TOaWIgvJs;A Estatística no Esporte -  Prof. Daniel Takata ( O Esportístico )
1jplBJ17s8Y;Parte 2/3 - Selenium com Beautil Soup no Python - Simulando consultas no Google!
8X_3gZC_Sds;Análises Exploratórias e Análise de Clusters - Prof. Luiz Paulo Fávero
YAeG5qBYwJE;Aula 14 - Frequências e Tabelas Cruzadas Parte 1 -  Curso de R para Finanças Quantitativas
j3j4v73aq3o;Big Data Brazil Day - Fé Estatística, aceite Jesus ou Gauss - Prof. Thiago Marques
e2rH9fpWkew;Introdução ao Power BI - Parte 3 - Importação, manipulação e visualização dos dados
9BJPf9DV1oQ;Chamada para aula gratuita - introdução a Estatística para Ciência de dados
8-xBwpJU0qk;Parte 1/3 - Selenium com Beautil Soup no Python - Simulando consultas no Google!
AvYuZ9A0b8Y;Aula 13 - Explorando os dados e missings - Curso de R para Finanças Quantitativas
d9a4-p3nz3Y;Sorteio xv encontro estatístico
oRDYPiEVJcI;Variáveis Dummy, o que são e como utilizá-las para estimar modelos com maior acurácia no Stata
RiMXHcINcmY;Aula 12 - Trading System com Quantomod Library - Curso de R para Finanças Quantitativas
3pw4_AIqmug;GridSearch + GradientBoostingMachine H2O no R
tCU1oygep54;Entenda tudo sobre Regressão Logística no Stata
7BnAQ-0evxU;Aula 11 - Introdução à Quantmod - Curso de R para Finanças Quantitativas
CGhNaKyzW7I;Implementando KNN (K Vizinhos Mais próximos) no Excel - Aprendizado supervisionado
UjbBwYKGDCc;Você sabe o que é GLM?
HYUxeDpf9KY;Aula 10 - Seu primeiro algo trading - Curso de R para Finanças Quantitativas
H71_M7jZsOU;Precisamos de mais chocolates!
r7YIj_n95Po;BackPropagation -  O que é? Como aplicar no R em Redes Neurais
pH8s_dwzBz0;O que é BackPropagation, qual a sua origem e como implementar no R para otimização de Redes Neurais
YLY9T1MlzUE;Introdução a linguagem SAS no SAS Studio
ycjAWTUB6Rc;Aula 9  - Construindo Gráficos no R - Curso de R para Finanças Quantitativas
qoLeB0PJfAw;Introdução a Redes Neurais
LQtRwOSGc0Q;Aula 8 - Função Summary  e Histogramas - Curso de R para Finanças Quantitativas
v4ej9A4_Suw;Live alunos Minerando Dados - Data Science do zero (Estatística)
5Sa51nO-1PQ;Você sabe o que é OVERFITTING? Formas de Reagir e tentar Corrigir?
KxrZYgIp360;Aula 7 - Criando e Manipulando Listas - Curso de R para Finanças Quantitativas
-iAfFweSmMM;Em defesa do Censo 2020 - Doutor Drauzio Varella
gw0S0aPey24;Controle dos Carros no Estacionamento - Uma Aplicação de Deep Learning
Rw8VcVriTEs;Em defesa do Censo 2020
OIJe7mVnp3w;Aula 6 - A função tapply   Curso de R para Finanças Quantitativas
fb2glMdOb4A;Segundo sorteio - Parceria Estathifisco e Big Data Brasil Day ( 3 INGRESSOS e 3 BLUSAS)
BSBw25vOtZk;Aula 5 - Tipos de dados e conversões - Curso de R para Finanças Quantitativas
m1PL16wrc_U;Parte 4 - Utilizando o tableau para fazer dashboards com as notas do Enem de 2005 à 2015
8ZbhwXmZsYI;Regressão Logística no Poderoso H20 do R
QZJiYr9jyX4;Mercado Atuarial no Brasil - José Nazareno (NAZA!)
nzbCJ3iJ8ek;Análise de Clusters
b01YdVvOM6o;Introdução ao Power BI - Parte 2 -  Importação, manipulação e visualização dos dados
XJwyvxBUR3k;Parte 3 - Utilizando o tableau para fazer dashboards com as notas do Enem de 2005 à 2015
4Hk0a_kOGUM;Introdução a Estatística - Spoiler Curso SP Presencial
zqlW0eu6mWs;Software Defined Storage - Estruturas de armazenamento de Big Data
amS0rhtWA4c;Parte 2 - Análise Multivariada - CCA (Análise de Correspondência Canônica)
etiqgOR68yc;Introdução ao Power BI - Parte 1 -  Importação, manipulação e visualização dos dados
9Y-7F7woYsI;Parte 2 - Utilizando o tableau para fazer dashboards com as notas do Enem de 2005 à 2015
o-8IlADipdc;Parte 1 - Análise Multivariada - CCA (Análise de Correspondência Canônica)
gv4-vY0e-EU;Parte 1 - Utilizando o tableau para fazer dashboards com as notas do Enem de 2005 à 2015
j77AzedPCy0;A importância do Censo Demográfico do IBGE
bqBqGkOBAX4;Parte 2 - Análise Multivariada - RDA (Análise de Redundância)
JVETdukMiFU;Parte 2 - Análise Multivariada - Análise dos Componentes Principais
gwRUuOA81wo;Análise de dados no Python - Lendo arquivos Excel e Manipulação de dados.
rs2WSN53dKI;Parte 2 - Web Scraping usando Python e Selenium  - Extração de Dados Meteorológicos
rukkLROeYPY;Parte 1 - Análise Multivariada - RDA (Análise de Redundância)
C4FssSl6-Ew;Uma aplicação com Random Forest no R
G2yGT3af9FA;Parte 1 - Análise Multivariada - Análise dos Componentes Principais
EDsDsh85ClY;Vinheta 6000 Inscritos Estathifisco!
dNwFZbvLqnE;Parte 1 - Web Scraping usando Python e Selenium - Extraçao de Dados Meteorológicos
egs6_4NYuVs;Curso Estatística+R SP 27 04 - Prof. Thiago Maques - Apoio Cappei Treinamentos
oanqZm2CBP4;Primeiro sorteio - Parceria Estathifisco e Big Data Brasil Day ( 3 INGRESSOS  e 3 BLUSAS )
QrVeUKI46FE;Parte 2 - Análise de dados no Python - Lendo e manipulando Bancos de dados
XJiFW_D8tME;Parte1 - Análise de dados no Python - Instalando o Anaconda e Jupyter Notebook
2jk7TfFiKAk;Parte 2 - Inteligência de Negócios - Plano de Negócios
jCYsplaLf1A;Classificação de Imagens em 12 minutos - Redes Neurais vs Árvore de decisão - Framework Orange
hdwk8g_Vi-Y;Aula 4 - Ler Arquivos e Data Frames - Curso de R para Finanças Quantitativas
CRlrPc4OCKw;Parte 1 - Inteligência de Negócios - Plano de Negócios
SQXAqFDZqIo;Data Lake - Prof David Braga - Parte 3
BwKG26oQ0Lk;Data Lake - Prof David Braga - Parte 2
shnrcCakV7M;Data Lake - Prof  David Braga - Parte 1
pzwOW43EEug;Aula 3 -   Missing Values e Strings  - Curso de R para Finanças Quantitativas
o7qCfcTL7r0;Algoritmos Genéticos - Aplicação no R
hZQJ7ewCoU0;Aula 2 - Sequencias e Vetores Lógicos - Curso de R para Finanças Quantitativas
tmA1dhW3XN0;Parte 2 - Webscraping - Personagens Resident Evil - Python
4_W9692iIi4;Parte 2 - Classificação de Imagens de aviões no Tensorflow usando R
102YY83-dAU;Pesquisa Compilada - Estatística e Ciência de dados
JU9aUhRX_3Y;Aula 1 - Números e vetores - Curso de R para Finanças Quantitativas
zAWN5dNDYSo;Parte 1 - Webscraping - Personagens Resident Evil - Python
uLHx_f4sm-k;Parte 2 - Random Forest - Competição Codenation - Previsão da nota de matemática do Enem 2016
o5Xw6KIjSm0;Parte 1 - Classificação de Imagens de aviões no Tensorflow usando R
fqCQO2ffTso;Introdução aos KPI - Indicadores de Desempenho
6CLwbMEXeFw;Análise de Sentimentos em menos de 10 minutos - Parte 2 - Utilizando o Framework Orange
YpJEf33IR3w;Aprenda a identificar Dados Faltantes no R
xDJzx6gSMTE;Parte 1 - Random Forest - Competição Codenation - Previsão da nota de matemática do Enem 2016
O7vB8WQvvU4;Introdução ao Big Data
XKClA0rYApo;Parte 2 - O que é?  Qual a sua História ? Machine Learning vs Deep Learning?
1stp41wz3LA;Análise de Sentimentos em menos de 10 minutos - Parte 1 - Utilizando o Framework Orange
noy13V1nTz4;Parte 4 - Árvore de Decisão, Random Forest e Gradient Boosting - Agora ou nunca! - Prof. Dri
u2mAa3gzxKE;Parte 1 - O que é?  Qual a sua História ? Machine Learning vs Deep Learning?
IPvT2fSJFXM;Webinar - Séries Temporais- Estimando inflação usando séries temporais no R
dcsZsA_wipE;Parte 3 - Regressão Logística - É a sua chance! Agora ou nunca! - Prof. Adriana Silva
NrfEckyfbpg;Algoritmos Genéticos - Descubra a origem
zPYhjBUkdrM;Performance das pesquisas eleitorais Brasileiras em 2018 - Parte 2 - Neale al Dash - Polling Data
KSEEc1gzL1I;Parte 2 - Regressão Linear - É a sua chance! Agora ou nunca!  - Prof.  Adriana Silva
CHVcuDDKVr0;Parte 1 - Regressão Linear - É a sua chance! Agora ou nunca! - Prof. Adriana Silva
vMnHQjl9aO8;Performance das pesquisas eleitorais Brasileiras em 2018 - Parte 1 - Neale al Dash - Polling Data
FgvYk86trIs;Controle Estatístico de Qualidade CEQ  - Parte 3 -  Prof  David Venancio
CM8b8Y3vriQ;Controle Estatístico de Qualidade (CEQ) - Parte 4 - Prof.  David Venâncio
rudGRDdUQS4;VIDEO 39 - 2018/FCC/ICMS SC/Auditor Fiscal da Receita Estadual-Comentários prova-Igualdade de Erros
JEU_8lyEjyA;VIDEO 38 - 2018 / FCC / ICMS SC / Auditor Fiscal da Receita Estadual - Regressão Linear Simples
n-qPlHnB_sQ;VÍDEO 37 - 2018/FCC/ ICMS SC/Auditor Fiscal da Receita Estadual - Intervalo de Confiança para Média
yTkJyEHYeto;VÍDEO 36 - 2018 / FCC / ICMS SC / Auditor Fiscal da Receita Estadual - NORMAL+BINOMIAL
46kQwaC70-A;Webinar - Web Scraping - Aprenda a Capturar dados da internet de forma automatizada com o  Python
5tc8Ty8kxSg;VÍDEO 35 - 2018 / FCC / ICMS SC / Auditor Fiscal - Média e Mediana para Dados agrupados em classe
6ZfrucE1Jtg;Webinar gratuito Webscraping - Prof Diogo Picco IESB
A8XT0ZHXl3I;2016 / CESPE / TCE PA / Estatística Descritiva - Tipos de Variáveis e Box-Plot
NzvL__kBsic;As 3 Etapas Para um Bi Perfeito - Parte 3 - Prof. Grimaldo
YsNak_K3pSU;2017  / PM SP / Soldado - Matemática  - Aritmética e Fracões
ajgSkaFON4s;Controle Estatístico de Qualidade CEQ - Parte 2 -  Prof  David Venancio
34QY3yB_QVA;Inteligência Artificial - Principais ferramentas com o uso do TensorFlow
FCuodt7jkls;2017 / VUNESP / PM SP /  Soldado -  Aritmética e RLM
Ehx_xSUhuNk;As 3 Etapas Para um Bi Perfeito - Parte 2 - Prof. Grimaldo
SWpLYrJIi1s;Controle Estatístico de Qualidade (CEQ) - Parte 1 - Prof.  David Venâncio
HbGTfJd-5pw;As 3 Etapas Para um Bi Perfeito - Parte 1 -  Prof. Grimaldo
cUkI7ZWvetA;Nubank ML Meetup #16 -  Estimando as notas do ENEM com Machine Learning, Camila Almeida
22zKJzeu920;Análise de Sentimento Twitter   Candidados a Presidência   Parte 3
uPqMWXTFT3M;Introdução a linguagem R - Prof. Graziela Alves
nrJ3T2hThZg;Vídeo 1 - Você sabe o motivo de fazer um gráfico? - Prof. Vinícius H0 consultoria
H5Efih9wEfo;Aula 2 - Machine learning - Introdução a Regressão Linear em Python
j_mKAtajUhs;Análise de Sentimento Twitter - Candidatos a Presidência - Parte 2
0cV8vZzEvT4;Vídeo motivacional - Professora Gabi
9ll6m7LLHFM;Análise de Sentimento Twitter  - Candidatos a Presidência - Parte 1
YRUfYxoRssY;Análise de Sentimento Twitter  -  Resumo da Série de 3 VÍDEOS
wgi3dimsdu4;Aula 01 - Machine learning - Introdução a Regressão Linear em Python
xlgX-Y0D23Y;Criando Gráficos com GGPLOT2 no R - Prof. Diogo Picco
Yk22pE4a15M;2011 / VUNESP / CODESP / MATEMÁTICA -  MMC
A8wYYtdYZmo;Explicando os cursos da Aprenda Virtual 1
XjlA6y1Xldk;webinar - Inteligência Artificial - Regressão Logística com Diogo Picco
gsVhVAb-HWI;2018 / VUNESP / Prefeitura de Mogi das Cruzes / Auxiliar de Apoio Administrativo - RAZÃO
mb5rjECDSMo;Eneste Depoimentos de Ex- Participantes - Matheus
Hb_lc_2J_Bk;Vídeo 01 - Dominando Python  - Lendo e Escrevendo Arquivos
CDIElzgeZPA;PROVA DO CONCURSO DA SEMED -  AM 2015  - CARGO  PROFESSOR DE MATEMÁTICA - PARTE 3
Stp4v8YMOh0;2011 / VUNESP / CREMESP  / MATEMÁTICA  -  MMC
jlKKWZ3ST5w;CURSO R - ALGORITMOS WEKA e GOGGLE VIS - Prof. Grimaldo - Parte 2
XFW2wAUQ9xg;Eneste Depoimentos de Ex- Participantes - Rafaela
ez1FfavZFTo;Eneste Depoimentos de Ex- Participantes - Wallef
oDXQrQP_9oU;Eneste Depoimentos de Ex- Participantes - Thaís
tkuse5S_pLI;Vídeo 05 - 2018 / FGV / SEFIN RO / Contador - Word 2016
jeuFohzDpxs;CURSO R - ALGORITMOS WEKA e GOGGLE VIS - Prof. Grimaldo - Parte 1
Asx56pJQoYI;Vídeo 04 - 2016 / AOCP / Pref Valença / Ag tran - Conceitos Gerais e Introdução
tkr9hQhSDfA;Vídeo 4  - Aprenda a Ensinar a Máquina - Detector de Movimentos
pm2xtJEb42U;VÍDEO 33 -  2009 / FUNDATEC / SEFAZ RS / Agente fiscal do tesouro
Z1gMeyjsnOc;Convite da Professora Gabi Machado - ENESTE 2018
RCczEjKcj98;Video 03 - 2016 / CESPE / ANA / INSS  - Antivírus e Antispyware
EfhLH_7sc9w;Video 02 - 2016 / FCC /Prefeitura de Teresina / Auditor Fiscal - Excel - Funções Condicionantes
CeFG82yxkl0;Vídeo 01 -  2016 / Prefeitura dom Martins/ Tributos Municipais/ Excel 2007
-XC_Zj41_BI;Vídeo 3 - Aprendendo a Ensinar a Máquina -  Reconhecimento facial ,feições e Piscar de olhos
-KorD-kcujA;PROVA DO CONCURSO DA SEMED -  AM 2015  - CARGO  PROFESSOR DE MATEMÁTICA - PARTE 2
L_HX9fNBloc;2010 / VUNESP / FUNDAÇÃO CASA / MATEMÁTICA / MDC
gxgGtcbm_XI;Direito Administrativo  - 2018/FCC/ ISS São Luiz MA - Convalidação de Atos Administrativos
iTP5h0mccks;Vídeo 2 - Aprenda a Ensinar a Máquina -  Classificação por Regressão Vetorial de Suporte
okWcPDvYRmg;Vídeo 1 - Da Série Dicas de Machine Learning - Classificação de Times por Imagens
rf-P6iTadK0;PROVA DO CONCURSO DA SEMED -  AM 2015  - CARGO  PROFESSOR DE MATEMÁTICA - PARTE 1
gpAZ324A7bM;2016 / VUNESP /  PREFEITURA DE GUARULHOS / MATEMÁTICA / MDC
i_SEd3RRNCQ;2016 / VUNESP / Prefeitura de Guarulhos -  MDC
dn4Yn42MeNI;VÍDEO BÔNUS 12 - LIVE ISS SÃO LUÍS - ESTATÍSTICA - Prof. Thiago Marques
QP4M71TtPKo;VÍDEO BÔNUS 11 - LIVE ISS SÃO LUÍS - ESTATÍSTICA - Prof. Thiago Marques
wpg7QX1bu1M;VÍDEO BÔNUS 10 - LIVE ISS SÃO LUÍS - ESTATÍSTICA - Prof. Thiago Marques
kuqJLlCBabw;VÍDEO BÔNUS 9 - LIVE ISS SÃO LUÍS - ESTATÍSTICA - Prof. Thiago Marques
ILd5BXKz_9M;VÍDEO BÔNUS 8 - LIVE ISS SÃO LUÍS - ESTATÍSTICA - Prof. Thiago Marques
M6ACjZUVJyo;VÍDEO BÔNUS 7 - LIVE ISS SÃO LUÍS - ESTATÍSTICA - Prof. Thiago Marques
KOc--EKixZk;VÍDEO BÔNUS 6 - LIVE ISS SÃO LUÍS - ESTATÍSTICA - Prof. Thiago Marques
WDtqNrrrIFU;VÍDEO BÔNUS 5 - LIVE ISS SÃO LUÍS - ESTATÍSTICA - Prof. Thiago Marques
mND1ssLnmHU;VÍDEO BÔNUS 4 - LIVE ISS SÃO LUÍS - ESTATÍSTICA - Prof. Thiago Marques
uJRHrcCP1_s;VÍDEO BÔNUS 3 - LIVE ISS SÃO LUÍS - ESTATÍSTICA - Prof. Thiago Marques
uFHIyOuzhAI;VÍDEO BÔNUS 2 - LIVE ISS SÃO LUÍS - ESTATÍSTICA - Prof. Thiago Marques
vIzgdnzjOsw;VÍDEO BÔNUS 1 - LIVE ISS SÃO LUÍS - ESTATÍSTICA - Prof. Thiago Marques
auTN7lPrn9s;VÍDEO 32 -  2018/FGV/TJ AL/ESTATÍSTICO - ASSIMETRIA E MEDIDAS DE DISPERSÃO
YIkfX7DK4MI;Séries Temporais - Modelos Arima - Deyvid Toledo
_1dJngMHHOQ;Matemática Financeira - Juros Simples, cálculo da taxa e do capital - Prof. Marcos José
_I-7l5gzKGw;A era do Analytics e as novas profissões - Fabiana Ravaneda
F2QRzXKf4Tk;Introdução ao R Studio e a linguagem R - Prof. Igor de Almeida
1ksKl6iThuU;VÍDEO 31 - 2017/IBA/Atuário - Propriedades De Medidas de Tendência Central
ZoiA1NHMxZQ;VÍDEO 30 - 2017/IBA/Atuário - Propriedades Do Coeficiente de Variação
Eb0RLmpEdVs;VÍDEO 29 - 2017/IBA/Atuário - Teorema de Bayes
l7MfA76uHeA;VÍDEO 28 - 2018/BANCO DO BRASIL/ESCRITURÁRIO - Lei da Probabilidade Total
IFLhbn7yuKQ;VÍDEO 27 - 2018/BANCO DO BRASIL/ESCRITURÁRIO - Medidas de Tendência Central
rfvLPtJnlBI;VÍDEO 26 - 2018 / CESGRANRIO / PETROBRÁS / ENGENHEIRO TELECOM JÚNIOR - DISTRIBUIÇÃO DE POISSON
A44dM0PId04;VÍDEO 25 - 2018 / CESGRANRIO / PETROBRÁS / ENGENHEIRO JÚNIOR - TEOREMA DE BAYES
Oljr5PijBVI;VIDEO 24(versão2) - PETROBRÁS - CESGRANRIO - PRESSUPOSTO DE HOMOCEDASTICIDADE
_MjzkTI1zJY;VIDEO 24 - PETROBRÁS - CESGRANRIO - PRESSUPOSTO DE HOMOCEDASTICIDADE
JV6K8kW57Xg;Estatística Descritiva R  - Tipos de Variáveis Qualitativas
RqAKEX8gKmY;História de Aprovação - Prof. Thiago Marques
Jgwt3cTyuZQ;VÍDEO 23 - 2018/CESGRANRIO/TRANSPETRO/Administrador Júnior - Medidas Separatrízes
TYJbQhjNsE8;VIDEO 22 - 2018/CESGRANRIO/TRANSPETRO/ECONOMISTA JÚNIOR - PROPRIEDADES DE VALOR ESPERADO E VARIÂNCIA
aswFhaET1XA;VIDEO 21 - 2005 - CESGRANRIO - PETROBRÁS - ESTATÍSTICO JÚNIOR - REGRESSÃO LINEAR - TESTE T
99ag4jdSeok;Aula 18 - Testes de Hipóteses - Professor Thiago Cardoso
yOFG2ORn2hw;VIDEO 20 - 2005 - CESGRANRIO - PETROBRÁS - ESTATÍSTICO JÚNIOR - REGRESSÃO LINEAR
PmNEUmfmT40;VIDEO 19 - 2014 - FCC - TRT 2 REGIÃO - ESTATÍSTICO - PROBABILIDADE CONDICIONAL
6mqGB7UsmrM;Video Extraordinário - Planilha de Cálculos Notas Padronizadas VUNESP
QxL9vinJtSE;VIDEO 18 - ESTATÍSTICA - 2011 - CESGRANRIO - PETROBRÁS - TESTE DE HIPÓTESES
tX4nDG4CWYE;ESTATÍSTICA - VIDEO 17 - 2015 - FCC - SEFAZ PI - FUNÇÕES LINEARES DE DISTRIBUIÇÕES NORMAIS
9_pqBeV9xHk;ESTATÍSTICA - VÍDEO 16 - 2014 - FUNCAB - SOPH - ESTATÍSTICO - PROBABILIDADE CONDICIONAL
C2bsXBWuUhs;Live ICMS RO - Resolução da Prova de Auditor na Íntegra
OFyP9pfPnJU;Aula 11 - Distribuição de Probabilidades Contínuas - continuação - Estatística (Versão Mobile)
IjO_VQJlgz4;Vinheta 2018 - Videos Canal Estathifisco
VKs12rwJ2Yc;Aula 4 - Medidas de Variabilidade - Estatística (Versão Mobile)
Riqw4IP9Pwg;Aula 16 - Intervalo de Confiança e Tamanho da Amostra - Questões 2 (Versão Mobile)
uiDIZ4CsLD8;Aula 5 - Medidas de Dispersão 2 - Estatística (Versão Mobile)
b45_Szv1Zug;Aula 17 - Teste de Hipóteses - Introdução (Versão Mobile)
7Hq3zcpJP_c;Aula 14 - Intervalo de Confiança e Tamanho da Amostra - Estatística (Versão Mobile)
B27H84fV2ow;Aula 15 - Intervalo de Confiança e Tamanho da Amostra - Questões 1 (Versão Mobile)
0UGNMvmBQpY;Aula 13 - Noções de Amostragem e Estimação - Questões - Estatística (Versão Mobile)
0cPtH1NfAu0;Aula 12 - Noções de Amostragem e Estimação - Estatística (Versão Mobile)
Rju5PZE8zeU;Aula 10 - Distribuições de Probabilidade Contínuas - Introdução - Estatística (Versão Mobile)
jDb_bt-rdIY;Aula 8 - Distribuições de Probabilidade Discretas - Estatística (Versão Mobile)
8IZaBPwkp-Y;Aula 9 - Distribuições de Probabilidade Discretas - Exercícios - Estatística - Versão Mobile
z_wMaoY_UUM;Aula 7 - Cálculo das Probabilidades - Introdução - Estatística (Versão Mobile)
oq7ALPPAZtI;Aula 2 - Medidas de Tendência Central - Estatística (Versão Mobile)
oTKdIpNZI7Y;Aula 3 - Medidas de Tendência Central - Estatística -  Questões   (Versão Mobile)
kPPTipJ3g_M;Aula 6 - Questões de Dispersão - Estatística (Versão Mobile)
uTpaICj8bow;Aula 1 -  Medidas de Tendência Central - Estatística (Versão Mobile)
-mSAvkS_Nsg;Revisão ISS Criciúma - Exponencial Concursos
GSYJzutA7Nk;Questões -  Medidas de Dispersão/Variabilidade
PVYorrp6ypQ;Questões - Medidas de Tendência Central / Posição
Ez_-xNe44so;Aula 12 - Intervalo de confiança e Tamanho da Amostra
Oq3bkMjv7Ac;Aula 13 - Intervalo de confiança e Tamanho da amostra - Continuação 1
58Ry13fsoiI;Aula 14 - Intervalo de confiança e Tamanho da amostra - Continuação 2
_KiH1Mer0SQ;Aula 15 - Teste de Hipóteses introdução
gr0GPTIqLiA;Aula 11 - Noções de Amostragem e Estimação - Continuação
AR_Vm2J8fVQ;Aula 10 - Noções de Amostragem e Estimação
R2NXKt8JElo;Aula 8 - Distribuições de  Probabilidade contínuas - Introdução
Bef4pAmyRB4;Aula 9 - Distribuições de  Probabilidade contínuas - Continuação
PWnFYUmFCTI;Aula 6 - Distribuições de  Probabilidade Discretas
b2SUTKqYvbs;Aula 7 - Distribuições de  Probabilidade Discretas - Continuação
yY5lntpZPvw;Aula 5 - Cálculo das probabilidades - Introdução
8ff_4UB5Abk;Aula 4 - Estatística Descomplicada - Medidas de Dispersão - Continuação
PuskwZE_qd0;Aula 3 - Estatística Descomplicada - Medidas de Dispersão
LjXkwGtHFms;Aula 2 - Estatística Descomplicada - Medidas de Tendência Central - Continuação
-RHfh2oQ_Jg;Revisão ICMS RO - Exponencial Concursos
jrDCWL_DKXE;Aula 1 - Estatística Descomplicada - Medidas de Tendência Central
cIUPWjWDPHU;Video Extraordinário -  Segundo Simulado Área fiscal Meta Concursos - Estatística - Questão 70 à 71
ORYyvI38lpo;FCC - SEFAZ SP - 2009 - DISTRIBUIÇÃO DE POISSON
MAZaXfRgvbI;Video Extraordinário - Segundo Simulado Área fiscal Estatística - Questão 22 a 25
8d9WPvzNzjI;ESTATÍSTICA - VÍDEO 15 - 2009 - FCC - TJ PA - INTERVALO DE CONFIANÇA PARA MÉDIA DESVIO PADRÃO CONHEC
qEq6MskyjoQ;ESTATÍSTICA - VÍDEO 14 - 2015 - CESGRANRIO - PETROBRÁS - EVENTOS INDEPENDENTES
vfnhlZZJUhQ;ESTATÍSTICA - VÍDEO 13 - 2010 - FCC - SEFAZ SP - DISTRIBUIÇÃO NORMAL
ZjNU1pRXWJQ;Video Extraordinário -  Primeiro Simulado Área fiscal Meta Concursos - Estatística - Questão 58 à 61
Jog8G2MQitQ;Video Corrigido -  Primeiro Simulado Área fiscal Meta Concursos - Estatística - Questão 54 à 57
bRT7PtyZ_Ls;Video Extraordinário -  Primeiro Simulado Área fiscal Meta Concursos - Estatística - Questão 54 à 57
H-bsBm9Tins;ESTATÍSTICA - VÍDEO 12 - 2009 - FCC - TRT - ESTATÍSTICO - EXPONENCIAL - DISTRIBUIÇÃO ACUMULADA
fGJyXy9-vag;Estatística - Video Extraordinário - Mediana - Q 25 - Simulado1 2017 Coaching Concurseiros
Jm-x0uXLpi8;Estatística - Video Extraordinário - Média, Moda,Mediana... - Simulado1 2017 Coaching Concurseiros
VtI9IBc9mCE;ESTATÍSTICA - VÍDEO 11 - 2015 - UFMT - DETRAN - ESTATÍSTICO - MÉDIA POPULACIONAL
2JTPk_2Dmcw;ESTATÍSTICA - VÍDEO 10 - 2017 - CONSULPLAN - TRF -  ESTATÍSTICO - ANÁLISE COMBINATÓRIA
P2Z2tRSMb6c;ESTATÍSTICA - VÍDEO 9 - FCC - 2015 - SEFAZ PI - PROBABILIDADE - NORMAL+BINOMIAL - QUEBRANDO A BANCA
JYYhxvtrAcs;ESTATÍSTICA - VÍDEO 8 - FCC - 2015 - SEFAZ PI - UNIFORME e POISSON - QUEBRANDO A BANCA
J4H4IhPfexk;ESTATÍSTICA - VÍDEO 7 - FGV - 2008 - SENADO -  PROPRIEDADES DO CV - RESOLVENDO EM SEGUNDOS
gm3owH-6JlU;ESTATÍSTICA - VÍDEO 6 - FCC - 2015 - PROBABILIDADE - ANÁLISE COMBINATÓRIA
14y3ykEZDMQ;ESTATÍSTICA - VÍDEO 5 - FGV - 2009 - ICMS RJ - DICAS VALIOSAS DE BOXPLOT - ESTATÍSTICA DESCRITIVA
q_W2GWqzJwk;ESTATÍSTICA - VÍDEO 4 - DESVENDANDO O SEGREDO DA BINOMIAL  - PROBABILIDADE - VARIÁVEIS DISCRETAS
5EWVdf0MK4A;ESTATÍSTICA -VÍDEO 3 - FCC - 2012 - TRF 2ª REGIÃO - VARIÂNCIA POPULACIONAL
dHbJm5tJxkU;ESTATÍSTICA - VÍDEO 2 - CONSUPLAN - 2013 - TRE MINAS GERAIS - ESTATÍSTICA DESCRITIVA - ASSIMETRIA
20Yw9szprDE;ESTATÍSTICA - VÍDEO 0 - ABERTURA DO CANAL ESTATHIFISCO - CONCURSOS FISCAIS PARA TODAS AS ESFERAS
slxB1eiTkLY;ESTATÍSTICA - VÍDEO1 - FCC-2010-SEFAZ SP - ESTATÍSTICA DESCRITIVA - MODA, MEDIANA e MÉDIA
tPH4Ahoj9Ek;Live Leonardo Bhering (UFV - MG) - Um bate papo sobre o software Rbio
MJz3IjnhaaY;Live Angelica Nardo Caseri (BASF) - Como Generative AI pode ajudar a resolver dores de negócio
WTFBlWB7ccE;Live Gélio Ferreira (UNIGOIÁS) - Ciclo Anual de Receitas para Micro e Pequenas Empresas (MPE)
BCzTwHku3ic;Live Janaína Muniz (TJ do Est. do Piauí)- Uso da Estatística no Mercado Financeiro
4EgmA4xWDQw;Live internacional - Métodos de Inferência Causal - Deepak Singhania (IITG)
r9HuYjOf3H8;Live Gilvan Bueno (Órama Investimentos) - Diversificação nas carteiras de investimentos
Ptuc_pcGuY0;Live Máris Caroline (TCC sem desespero) - A visão atuarial de Finanças para Previdência
2_76ezOmyH8;Live Allan Quadros (Kansas State University) - Estratégias de arbitragem estatística: pairs trading
Mvhal0dBeu0;Live Victor Gomes (Trading com Dados ) - Testes de hipótese no mercado financeiro: teoria e prática
orK3A2E7RP4;Live Cauê Guimarães (Purple Metrics) - Modelagem Estatística para o mercado de Commodities
_2I7Ib-Ofr8;Live Marcos Oliveira (Grupo Pereira) - Os números, os métodos e a decisão nos Serviços Financeiros
iiK6yhpa2Us;Live Henrique Ramos (UFRGS) - Analisando portfólios através de fatores
dbjhxtgCEyg;Live Carlos Falcão - Aplicação da Teoria de Markowitz para Seleção de Carteiras
9P4XGhksSKU;Live Gabriela Baldivia (Mosaic) - Uma introdução à Finanças Quantitativas
6vZyyND9lxY;Live Henrique Comaru (Ambev Tech) - Vamos nos preparar para montar grandes projetos de Power BI?
NZkCAvAsMCI;Live 27 - Primeiros passos com a linguagem R - Live terça-feiras às 15 horas
ny61DDwGo5c;Live 26 - Primeiros passos com a linguagem R - Live terça-feiras às 15 horas
MoUu1NASoFI;Live Rodrigo Ramalho Xavier (TecnoSpeed TI) - Guiados por Dados
B9pbd-zSDNA;Live 25 - Primeiros passos com a linguagem R - Live terça-feiras às 15 horas
7WkFT8qT5hA;Live 24 - Primeiros passos com a linguagem R - Live terça-feiras às 15 horas
BXJqnCsU7W8;Live 23 - Primeiros passos com a linguagem R - Live terça-feiras às 15 horas
h01IgE-16sw;Live 22 - Primeiros passos com a linguagem R - Live terça-feiras às 15 horas*
ne_Vxt6Z8Nk;Live Marcelo S. Perlin (UFRGS) - Questões de R em Concursos (novo livro do prof. Perlin)
I9EjVNp4m4M;Live Wesley Lima (Agrotools) -  Machine Learning x Modelagem Estatística
FhJPltUjm1w;Live 21 - Primeiros passos com a linguagem R - Live terças-feiras às 15 horas
IDXBYqRghl0;Live José Colle (UFABC) - Modelagem e Ajuste de Funções Densidade de Probabilidade
L_R76SlVAGk;Live 20 - Primeiros passos com a linguagem R - Live terças-feiras às 15 horas
LTrhEdii7EE;Live Rafael Lionello(Sabby) - Previsão de Demanda e Market-shares
YJojsL21GkU;Live Jonatas Santos (Cidacs) - ML não supervisionado para agrupamento de séries temporais
8qE5f13vulQ;Live Hidelbrando Rodrigues (DCSPT/UA) - Estimativa etária de populações municipais utilizando R
gu2xsNOWD8A;Live Vitor Barbosa (A3DATA) - Quais as habilidades de um consultor de sucesso em Ciência de dados
U16JCicjARE;Live Gilvan Bueno (Órama) - Decisões de investimentos com ciência de dados
z03XOWCPa6U;Live Thiago Bluhm (Grupo Portfolio) - Análise de dados com Python
86zhIRjQQ98;Live Vinicíus Pantoja (Proffer) - Data Science na prática. Resolvendo problemas com ciência de dados
Q2DjTJP3tQI;Live Daniel Bergmann (USP) - Operações de Long & Short no Mercado Financeiro no Python
WOwxOFv1n7U;Live Thiago Marques (A3DATA) - Hardskills que todo cientista de dados deveria possuir
x5xDV1OiIIU;Live Ludmila Fontes (Philomedia) - Usando KPIs em Marketing para identificação de oportunidades
FeokxAHEZ9o;Live Bárbara S. (A3DATA) - Desafios e oportunidades na liderança em projeto de Ciência de dados
IX7fOqgTRzY;Live Arnóbio Morelix (Sirius Education) - Lições do Vale do Silício e o Método Talent Stack
_rfNIe_aE30;Live Luís Martins (Dadosfera.ai) - Entregas de Valor através de Data Apps
tXsDqShUZSM;Live Daniel Souza (Usebens Seguradora) - Geração de Cenários de Seguro Auto
MXRlONGPl04;Live Bella Bauer (A3Data) - Como ser um bom profissional de dados
ISSzOjuREIU;Live Alisson Ursulino (UFC) - Uso Prático Do Dashboard Estatístico D-Tale E Sua Implementação
v-O_FsEiybY;Live Evandro B., Marcelo M. e João K. - Estatística inferencial: A alma da avaliação de imóveis
Y9NSkJMjCnQ;Live Alisson Ursulino (UFC) - Como criar seu Dashboard escrito completamente em Python
2kHaOoPp78E;Live de Lançamento: I Conferência Internacional de Política Pública e Ciência de Dados
yAJgSFB5Xb8;Live Samuel Alencar (Clubbi) - Dados no dia a dia num time de growth
SNa0paAewHM;Live Carlos Falcão - Seleção de portfólio aplicando a Teoria de Markowitz
GTmkMoND6k0;Live Gustavo Ramos (UEPA) - Análise com Cluster
G32gH5iKDHU;Live Elaine Figueiredo (IMPROOVA) - Certificações do Agile
Xu9XPu_P2IA;Live Kleber Canuto (Senai PR) - Transformação de Organizações Centradas em Dados
eI8Sl8H6K5c;Live Tiago Luz (Sta. Joana) - Ética na inteligência artificial
-j2NCTALhHg;Live Rodney Ricardo (Petrobrás) - Graduação e Pós depois dos 50
D5zImqiKDyI;Live Elaine Figueiredo (IMPROOVA) - Agile data science e análise de dados - Parte 2
5aK326NYOu4;Live Lilian Carvalho (Synapse) - Digital Analytics na era dos dados
sK9mgCqnS34;Live Maria Fisher (Omdena-Milan) - Neurodivergentes na carreira de dados
LBp-lVnFnyU;Live Matheus Mori (Contmatic Phoenix) - Data Studio - Aprenda a fazer visualizações - Parte 2
lGfNECtIXsA;Live Matheus Mori (Contmatic Phoenix) - Data Studio - Aprenda a fazer visualizações de dados
sDhHagJBCCw;Live Elaine Figueiredo (IMPROOVA) - Mulheres na carreira de Data Science
v5uU6rBcfoc;Live Ronaldo Caixeta (INPAC) - Pesquisas eleitorais na prática
HEL2GcKkX8Y;Live Bianca Brito (HVS) - Evasão no ensino superior da Paraíba em 2019...
RCNZYlwZQls;Live Roger Sampaio (DataMinutes) - Desvendando a Inteligência Artificial
W4AHJnYhqaA;Live Eduardo Pezzi (Edupezzi) - O fim do achismo no Marketing e valorização da profissão
JN6Ykce7rXo;Live Mario Moraes (Omint) - Os desafios da área de tecnologia no mercado segurador
lNlSpYm9_-A;Live Wilson Rocha (RD) - SysIdentPy: Para Criação de Modelos Não Lineares para Séries Temporais
U9H03rJYwO0;Live Tiago Martinelli (ABRAINC) - Modelagem de regressão multinível na predição populacional
AVLivMg2lIs;Live Cleber Nauber (IFAL) - Carreira acadêmica e ensino em dados
2jGk7bB3fnE;Live Arthur Farah (Vetta) - Otimização e Computação Evolucionária Aplicada em Problemas
lcF9rDWPnv0;Live Arnobio Morelix (Sirius Education) - Carreiras em Ciência da Decisão
BYkhy0ufH5Q;Live Luiz Keng (UFG) | Eliezer Pinto (Hotmart) - Como a ciência de dados pode impulsionar o seg...
EP6MhXrMzWw;Live Danusio Guimarães (Nubank) - Bate-papo sobre a carreira de cientista de dados
mpEyLtpNjME;Live Elaine Figueiredo (IMPROOVA) - Data User Stories - Exemplos e aplicações
e5D4EN69Yjk;Live Natália Silva - Alfabetização em Dados
hMcpIPDIHJE;Live Milene dos Santos (Itaú Unibanco) - Um breve resumo do modelo linear geral
6X11rTtdhQE;Live Vanessa Barros - A contribuição do software livre IRaMuTeQ para a pesquisa qualitativa
P2m60120KUU;Live Ari Melo Mariano (UnB) - Big data comportamental
zsIxR3n-cSg;Live Gleyce Santos (Rei do Pitaco) - Ciências de dados & Planejamento Financeiro
lY9gaGr4GzM;Live Colle, Rodrigues e Silva - Redes Neurais Artificiais: ideias básicas no Ensino Médio
aN-yTI31DiA;Live Edmilson Varejão (Proffer) - Inteligência Artificial Aplicada ao Pricing
-YoYkL9nVJw;Live Cluster 8 - Estatidores: Estatística com RPG
RZUSNKQf76U;Live Cluster 7 - A origem
psvsEAAoERo;Live Cluster 6 - Mulheres empoderadas
IRPUC9YA6CM;Live Paula Basilone (Beevi IA) - Análise estatística para prognóstico de tumores raros
MNXW9fGTlGc;Live Karina Kato (Ifood) - Dicas valiosas para aspirantes a cientista de dados
_qvEcdCdSzE;Live Cluster 5 - Inimigos do churn
9m7qViP5PGo;Live Elaine Figueiredo (IMPROOVA) - Data User Stories - Exemplos e aplicações
Q76ztIdXThU;Live Cluster 4 - Alunos Terceiro quartil
3GBoHmh__38;Live Adriana Silva (ASN.ROCKS) - Importância da Estatística na ciência de dados
DLJogjdOuXU;Live Cluster 3 - Alunos Primeiro quartil
3UqrViDRQNU;Live Cluster 2 - Transição de carreira
Y3UNgLlO9DQ;Live Cluster 1 - Como ser gestor na área de dados
Fa5xLrZpsNg;Live Angelica Caseri (Energisa) - Nowcasting predict
M5xMtRH9Zs0;Live José Fernando (Accenture Brasil) - Consultoria em Estatística: Dicas e boas práticas
24rs_EDglb0;Live Laisa Rocha (Will Bank) - Financial Analytics
asLjVw33yo4;Live Thiago Marques (CEO Comunidade de Estatística) - Potencialidade da linguagem R
KFmoZEOZuHQ;Live Eliezer Neto (GAGECE) - Data visualization com Python
Hs3gPUnUeIk;Live Luiz Almeida (4 Decision) - Gestão de qualidade e Six-sigma
NWJn6cV0H6Q;Live Daiane Klein (Pistil Data) - Como ingressar em ciência de dados
n4eSfhGTSQM;Live Vitor Batista (A3Data) - Data visualization com R
xtEa6s7T9-M;Live Anderson Fedel (OdontoDados) - Análise de dados odontológicos
mdSPjYGuk9M;Live Luiz Paulo Fávero (USP) - Estatística para não Estatísticos
2dpNZG5hyos;Live Ana Paula (Stone) - Inteligência Antifraude e PLD
MKqIT9WMgTg;Live Sergio Batista (IF-GO) - Como a Estatística impacta o Agronegócio
C_WFQBlX9OY;Live Ricardo Limongi (UFG) - Estatística e Bibliometria: Combinação Perfeita?
XXOuIc4FsyY;Live Cauê Guimarães (Purple Metrics) - Modelagem Estatística para o mercado financeiro
k-VeqnX5Eco;Live João Ataíde (Imagem) - GeoAI, novo mundo do Data Science
gPzeEHOFRKo;Live Henrique Comaru (Ambev Tech) - Power BI: O que ninguém te conta pra desenvolver projetos
3Tz9R0MeKNE;Live André Marinho (Just a Little Data) - Portfólio para profissional de dados
seGvEI3-sBA;Live Rhaydrick Sandokhan (FARFETCH) - Trabalhar em tecnologia fora do país
zfScmASgmY8;Live Adriane Akemi (PyLadies São Carlos) - Presença de Mulheres na área de dados
TmVJx6BDwZI;Live Marcos dos Santos (IME/ITA) - A Pesquisa Operacional é pra todo mundo!
lPTVEefd8WA;Live Fábio Farias (Mitre Realty) - Ferramenta de predição de preços de imóveis na planta em SP
j9ieHKBHUYE;Live Celso Malachias (DNA Hunter) - Competências e Habilidades do profissional do futuro
eCOsFns4Gjg;Bate-papo com Dra. Andrea Filatro (Pesquisadora) - Data Science na Educação
8-gGHDk2f-w;Live Por que a estatística é um dos pilares da pesquisa operacional?
woZSv1fyCoQ;Live André Marques dos Santos (ATsaúde) - Políticas públicas em saúde baseada em dados
b5x-uZEKzUM;Live Fabiana Gatti (Chiesi Brasil) - Como a Farmacoeconomia é estratégica para o Acesso ao Mercado?
lhcRqp4COfM;Live Manoel Veríssimo (Itaú Unibanco) - Tweet Sentiment Analysis via Transfer Learning...
XuKTrKuam3M;Live Elaine Figueiredo (IMPROOVA) - OKRs e data science, é possível aplicar?
Jgd9pnJSzow;Live Duncan Ruiz (PUCRS) - A evolução na gestão de dados
vWbqhvX11LY;Quarto Sorteio Bolsa 100 % COMUNIDADE ESTATÍSTICA + Workshop MkT Analytics (UFG)
KUzLBCZCHvs;Live Guilherme dos santos (Rio em dados) - Extração e visualização de dados públicos usando o R
vlqZjrJBVT8;Live Lilian Carvalho (Synapse Business Consulting) - Analisando dados de redes real time com IA
6zGyREN6Yn0;Terceiro Sorteio Bolsa 100 % COMUNIDADE ESTATÍSTICA + Workshop MkT Analytics (UFG)
EWpEeUAhR3Y;Segundo Sorteio Bolsa 100 % COMUNIDADE ESTATÍSTICA + Workshop MkT Analytics (UFG)
x6Tt96a2UjI;Live Francisco Moura Fé (TRE-TO) - Relatório e Dashboard com R Markdown e Flexdashboard
_o1ZTybzq2Q;Live Paulo Tadeu (USP) - Desigualdade e deficiência: em termos estatísticos
ewIyI6LtlHo;Live Akemi, Amanda e Fabiana (Pyladies) - Introdução à plotagem de gráficos com Python
QN6q_9Rd2z4;Live Anderson Fedel (OdontoDados) - Hands on microdados do ENADE com Python
J1Mj9j_1WYc;Live Valberto Feitosa (IFCE) - Conhecendo o SPSS
KFTDXVNNA-I;Sorteio Bolsa 100 % COMUNIDADE ESTATÍSTICA + Workshop MkT Analytics (UFG)
i4IpSpfvHaY;Live João Pedro Lins (Globo) – Deploy de modelos de machine learning com a biblioteca streamlit
syF2dYyQTWY;Live Elaine Figueiredo (IMPROOVA) - Data Science Ágil: modelos para melhorar projetos | Parte 2
sgiSUcw8KFo;Live Inclusão da ciência de dados na CBO
b9qrY3OibuE;Live Ivan Vemado Marques (Leega) - Cloud for Marketing
yEInCXoXle8;Live Guilherme Evangelista (Espro) - A Robótica Educacional na formação do Pensamento Analítico
ARHaX0A_nP8;Live Marcello Sandi Pinheiro (Artinteli) - NLP e Machine learning
AYW1HLsylec;Sorteio VAGA 100% GRATUITA TDC CIÊNCIA DE DADOS (Agora)
iXPUZvdOmBU;Sorteio VAGA 100% GRATUITA TDC CIÊNCIA DE DADOS
JuJVl_XJuSk;Live Elaine Figueiredo (IMPROOVA) - Data Science Ágil: modelos para melhorar projetos | Parte 1
f4BjyMaXXoc;Live Carreira de Analista de Dados
L2r7uKFxJCo;Live Regina Faria (BSBr) - A importância da pesquisa na área de saúde
DQpPJvmjdLM;Live Nasser Boan (Falconi) - Machine Learning: Modelos supervisionados “Modernos”
QB96_JEmCHI;Sorteio Bolsa 100% Comunidade de Estatística do Prof. Thiago Marques
myFat2nKl7A;Ícaro Bernardes (BIT::Analytics) - Reproduzindo o gráfico do “Beer Project”
a8UBbenUL9o;Live Carlos Abdalad (CRMWise Analytics) - Estatística aplicada em Seguros
RGueUxxmo0g;Live Yasmin Teixeira (Amazon) - Do Brasil ao exterior: construindo uma cultura de dados
mJYGGeaOW_Q;Live Rubens José Rosa (Copel) - Cronograma de Projetos: Método do Caminho Crítico em R
xxvO-sgAv8M;Live Thiago Marques (EstaTiDados | Comunidade) - Criando gráficos estatísticos na linguagem R
a0I_jfXhIFM;Live Thiago Marques (EstaTiDados | Comunidade) - Maravilhoso universo dos gráficos estatísticos!
f8W5i2egFNE;Live David Braga (IBM | BSBr) - Big data e cloud computing
Jzi0F9_j5A8;Live Ícaro Zelioli (Radix | BSBr) - Python para ciência de dados
MWs5ewG0twA;Live Deoclides Souza (ESPM | BSBr) - Análise de dados na melhoria dos resultados de CRM
YUWZ1FSNnFU;Live Eder Cassettari (Master L6σ) - Confiabilidade - Método da Máxima Verossimilhança...
kKGhGFyqxYk;Live Eder Cassettari (Master L6σ) - O Problema do Jornaleiro - Definição de Demanda...
phtbf6pBiOE;Live Eder Cassettari (Master L6σ) - Apresentação do novo Framework CRITIC-Strat-G
oxalO6bl7dc;Live Cibele Russo (IME | USP) - Por que o cientista de dados precisa estudar matemática?
hIUDqIh_JhM;Live Paulo Tadeu (P.hD na Usp) - Economia, raça, deficiência e moradia no impacto da Covid-19.
C_lDUPeZfh4;Live Fábio Gatti (MOS | MCT) - Simulação de Monte Carlo em Excel
JQTwIOpSqLQ;Live Fabio Baldini (Instituto X) - Análise de decisão multicritério a apoio a tomada de decisão
_390ekWGXB4;Live Marcos Santos (IME | ITA) - Tomada de Decisão com Teoria dos Grafos e Cadeias de Markov
jrP-XkScx8c;Live Fabio Baldini (CEO Instituto X) - Redes Neurais e Lógica Fuzzy no Excel
wb3uVb4ks30;Live Fernanda Maciel (California State University) - Regressão linear com Excel
EJzIhoHQmTw;Ecossistema de aprendizagem em Estatística: Sorteio Bolsa 100%
Wk0Y5TnLsA0;Live João Benito (Mondial Informática) - O MS-Excel pode muito mais do que imaginamos
Sr0CqgcaBiI;Live Matt Dancho (Business Science) - Tidy Time Series Analysis in R
fHJvNqd290o;Live Fernanda Luiza Tobias (A3Data) - Regressão hierárquica
AoLVoVStsH4;Live Nzuzi Armindo (Sustentare) - Implementação de BI
NJxfWEKHoXU;Live Vitoria Comarin (Nubank) - Marketing Analytics: otimizando campanhas com base em dados
KgNBcyKJgN8;Live Tiago Baroni (UNB) - Ciência de Dados e o Planejamento de Transportes em escala nacional
wdvEgSx-5OI;Introdução a Marketing Analytics - Prof. Thiago Marques
8c0WGsbwsOo;Live Leonardo Melo Lins - Produção de dados sobre o uso de internet no Brasil
N9jDb9cp0yI;Live Octavio Santiago (BTG Pactual) - Teaching AI to play Mario Bros
dkfyw7sgFyg;MBA BSBr Marketing Digital e Analytics- Tráfego Pago
KnXF14rMtbM;Live Onédio S Seabra (Cel. Exército) - O emprego de dados sintéticos na avaliação de imóveis urbanos
SwvgkUCr7cQ;MBA BSBr Marketing Digital e Analytics - Comportamento do Consumidor e Neuromarketing;
nhTgIyN7NC8;Live Rami Krispin (Data Science Manager) - Deploying ML models in production with R + Github Action
8fMaHkoEbVo;Live Izabel Nolau (UFRJ) - Model-based Inference for Rare and Clustered Populations ...
pgPGUnjSsWk;Live MBA 100 Criatividade (BSBr) - O que de fato torna uma pessoa criativa?
2Vp1KB-yf2A;Live Sheila da Nóbrega Silva (Bemol Digital)  - AI Strategy Journey
ee3aEAlJJCk;Live Elissa Suzuki (Mercado Livre) - De Designer a Lead Data & Analytics no Mercado Livre
jF_E0Y0fyzE;Live Anderson Rocha (Prof. e pesquisador Unicamp) - IA e Edição Genética: fronteiras do conhecimento
aD87dfpCvMs;Live Deoclides Souza (ESPM) - Otimização de portfólios em Marketing com R
yw16C8Bq_r0;Live Bruno Francesco (Olist) - Marketing Analytics com R
iBrwYN2zI5k;Live Júlio Trecenti (ABJ | Curso-R) - Deep Learning com R
pO28NLwKDDI;Live Miguel Lellis (IME-RJ) - Problema do caminho mínimo - Algoritmo de Dijkstra no Shiny from...
hWWBqCxt_-A;MBA BSBr Marketing Analytics e Statistics - Fundamentos do Marketing Analytics
dEtWDuCFbpc;Live João Serrajordia (USP) - Equações estruturais no R
G8zRZkHg56w;Live Letícia Otero (Sulamérica) - Regressão logística multinominal com R
0oJVpFDcAvM;Live João Igor (UFC) - Análise de Componentes principais no R
5GVeZ1cCxbs;Live Gélio Ferreira (Analytica Finance) - Otimização de portfólios em finanças com R
oGQ7OogidFA;Live Walmes Zeviani (UFPR | OMEGA DS) - Planejamento de experimentos com R
nLY0qxu_7vE;Live Eliana Rigoni (Ambev Tech) - Utilizando R no Power BI
6MW8gB33e3s;Live Gilberto Matos (UFCG) - Teoria da resposta ao item com R
Etf8VPqzfZk;Live Marcos Santos (IME | ITA) - Método novo (AHP GAUSSIANO) - Uma aplicação em Shiny
u9fQfVemomY;MBA Mkt Analytics (Técnicas de Criação de Dashboard, ementa e professores)
YWvesO-qXug;Live Ana Carla (Take Blip) - Dashboards em R com dados do Censo do IBGE
5NLUe6OYILM;Live Felipe Barreto (PicPay) - Métodos de Clusterização com R - Acidentes nas rodovias federais
sI7vjdIeBig;Live Ricardo Limongi (UFG) - Análise bibliométrica com o pacote Bibliometrix
khWsFiUXZ_8;Live Erica Castilho (A3DATA) - Modelagem multinível com R
qKOT23MJCoI;Live Wagner Bonat (UFPR | OMEGA DS) - Modelagem estatística: Uma visão panorâmica
u_woEtKDFjg;Live Gabriel Assunção (IBGE) - Pesquisas amostrais domiciliares com R
hM_DzEej1Dk;Live Sandra Coelho (Méliuz) - Growth Hacking Data Driven
xZQQtyMkr3g;Live Primeiro MBA de Pesquisa Operacional do Brasil - BSBr
2jMDHixuVzM;Live MBA Marketing Analytics e Statistics (BSBr): O Futuro do Marketing ou o Marketing do Futuro?
SWhINCJp57k;Live Thays Lavor (Data Journalist) e Isabela Marinho (Analytical Lead) - Transição na área de dados
zrVxcQAgm0c;Live Natália Tenório Maia - Recomendador de vídeos personalizado com Machine Learning
oxHSIdE68qI;Live Jose de Jesus Filho (CEO na Consudata) - Linguagem R + PostgreSQL
V-8AZoTaYps;Live Samuel Macêdo (Estatístico e desenvolvedor R) - Big data em R utilizando o pacote sparklyr
NA5aRlLGunc;MBA Data Science e Statistics (BSBR): Tudo o que você queria saber - Prof. Bezerra e Thiago Marques
G3bmdyhpSR0;SORTEIO APRENDENDO ESTATÍSTICA DIVERTIDAMENTE (ASN.ROCKS E ESTATIDADOS)
DrZ7A5uGCfs;Live Lara Marinelli (ML Engineer) - Engenharia de Software à Engenharia de ML: experiência pessoal
zoBcE7gYQ8g;Live Angélica Caseri (Cientista de dados na Energisa) - Como aplicar ciência de dados na geociências
d1VrddGP2YI;Estatística e Ciência de dados, dá Match? MBA Data Science e Statistics (BSBR)
SGI7lmO7KW4;Live Ícaro Zelioli -  Modelagem Híbrida Fenomenológica e ML para Análise...
IbnZutmdxp0;Live Letícia Gerola (Cientista de Dados na GAVB) - Do jornalismo à ciência de dados
MnjI3kxobMM;Live Daniel Martinez (MRV) - Análise de plataforma para Assistentes virtuais utilizando Modelagem
LpuUkhpTqv8;Live Ariane Baggio (Lead Data Science - will bank) - Técnicas de ML para Credit Scoring
hr69drUNgHU;Live Joicymara Xavier (Professora da UFVJM) - IA e Biologia, um casamento quase exato
FjbJO_coxbY;Live Barbara Ribeiro Maia (Lead Data Analytics & Data Science) - Mulheres na liderança de Dados
13Dcz0gZDLQ;Live Bruno Rodrigues (Editor na Pantanal Editora) - Machine Learning na análise do Coração
DMIHCVGlNU0;Live Samuel Macêdo (Estatístico e desenvolvedor R) - ML completo com o pacote tidymodels
oBAqll51yLc;Live Norberto Berti (Co-Fundador Eurekando) -  Steam data punk
pHaiAsrdufo;Live Denise Paspardelli (Bióloga) - Designer de Aprendizagem: criar experiências on demand.
hft8VD5zC_8;Live Willian Barros (Dir. no IFM no UFPel) - O livro do futuro ou o futuro do livro? Uma perspectiva
o9fA3bCaQGc;Live Ariomar da Luz Nogueira (Eng. Biomédica UNB) - Previsão do desempenho escolar no ensino médio
xjRXXAKXIJc;Live Karine Symonir (Coord TJ/RN) -  Preditores do (In)Sucesso Escolar de um sistema de Ensino
8HvJ9JYKQC0;Live Gabriel Assunção (IBGE) - Extraindo informações de Educação utilizando a PNAD Contínua
Npi6Y0QXWFw;Live Gesiel Rios (Pesquisador na USP) - Estatística e Algoritmos na Educação ? Yes, we can
8KGY1TTv4eQ;Live Onédio Seabra (Tenente Coronel no Exército Brasileiro) - Heutagogy, Adaptive Learning and AI
A8j4ArxJ5BI;Live Hidelbrando Rodrigues (Professor da UFAM) - Estatística e IA na Educação: Sobre Amazônia
J4qQY-YjBCE;Live Lilian Carvalho (Prof. FGV) e Marcos Severo (Prof. UFG)  - Boas práticas na pesquisa científica
dNAa0i6HBww;Live Joziani Mota (Cientista de dados na A3Data) - Criando dashboard interativo com Shiny
L2NuuxWGIvc;Live Gustavo Brusse (Estatístico) e Cimar Aparício (Economista) - Demografia e domicílios
l5WAYwHZqvk;Live Vitor Groth (Gerente de Meio Ambiente) - IA e sustentabilidade: desafios e perspectivas
z7Fi1wOUdHM;Live José de Jesus Filho (CEO na Consudata) - Baixando e organizando dados dos tribunais brasileiros
tuxqMSz9oDc;Live Kelly Pego (Cientista de dados da Enel) - PROPHET para séries temporais diárias
gyqtVvdakvc;Live André Pinto (Pesquisador Hemocentro RP-FMRP-USP) - Genômica e Big data: os 5Vs no seu DNA
fikTmk1Hlok;Live Cleison Cavalcante da Silva (CRM) - Análise de dados na melhora dos resultados de CRM
7upFqtoXcVg;Live Ximena Cubillos (Professora de física do IFC) - Do Universo Espacial para o Universo dos Dados.
IEjcZaYBCs0;Live Octavio Santiago (Lead Data Scientist) - Hackeando o Xadrez com Deep Learning
JcI4VJlC5Jo;Live Renan Henrique Oliveira (Professor na Anhembi Morumbi e Descomplica) - Anova
oJ_nUZO3Hu0;Live Daniel Freitas (Líder técnico | Dock) - (Introdução ao R Shiny)
qFOLYMPGuuI;Live Tulio Philipe (Coord. do MBA em Ciência de Dados, ML e DL no IGTI) - ML e IOT for good
fJKfC4iJdio;Live Fábbio Anderson (Coord em DS na iCEV) - Mapa da COVID-19 Estado Piauí: Análise dos dados
oHPl97Q0ls4;Live Luan Prates (Coord. Inteligência Analítica) - O papel da IA na pandemia
jVuArNuhvhg;Live Fabiano Tavares (Coord. do MBA de DS da Farias Brito) - Maquina do Cartola: dos dados à IA
YSg3l4GKNUU;Live de abertura do Hackaton IA Contra COVID.
3WBsBIOhhFA;Live Nasser Boan (Analista de dados - iFood) - Autoencoders em Keras
6IwBYc3iZdg;Live Leonardo Tavares (Data Scientist) - Bate papo sobre cases e aspectos éticos de IA na saúde
AnLhqY0HDCg;Live Tatiana Florentino (Data Manager) - Produtos vs Dados: Como criar produtos baseado em dados
D9-fojLV6xw;Live Mariane Barros Neiva (Ph.D. Student) - Criatividade no ensino da Estatística
gMJV_qj1aAI;Live Felipe Andrade (Engenheiro de Dados) - Trajetória em dados
UX8szbEUqL4;Live Victor Gomes (CEO na Trading com Dados) - Análise de Risco e Retorno de Ações com o R
4amYuLvVjHI;Live Danilo Oliveira (Consultor de estatística) - Sport analytics
3G8BIfPTZgM;Live Juliana Gandra (PhD Student) - Demografia: Conceitos, métodos e aplicações práticas
iBijWE2i2ko;Live Bruno Francesco Martire (Data Science em Marketing) - Dados na decisão de mídia de performance
moVx16DWlN0;Live Daniela América (PhD Student) - Um modelo híbrido de dicionário para análise ética
1KdW9lSNXBY;Live Marcos Severo (UFG). Carol Braga (SENAC RJ) e Thiago Marques (IBGE) - Análise Redes e Mkt Dig
ieqtejVks8E;Rachel Campos (PhD Student) - Experimentos para melhoria de processos na indústria de alimentos
hskR19IvMWY;Live Daniela Fernandes Moreira (B.Sc PUC-MG): O uso da Geoinformação como ferramenta estatística
qKXwaX-45r4;Live Miguel Ribeiro (BSc UFMG): Google Sheet - funções avançadas, aplicações e imposto de renda
xvrFMTWveGk;Live Rodrigo Santana (Fundador do Minerando Dados) - Como iniciar no Python para Ciência de Dados
yKzMk2oCxic;Live Neylson Crepalde (Chief Data Officer) - Hermione - framework open source para ML em produção
gBqDhBNkIKA;Live Andrei Graça (Advanced Analytics Consulting na EY Brasil) - Data Science para negócios
xl5gAPUJvx0;Live Gustavo de Paula (Sênior DS) - Ajustando hiperparâmetros de um modelo de classificação no AWS
97cDpmivVLE;Live Pedro Menezes (Doutor em Educação Física na UFRJ) - Sport Analytics
kzQeLhrKeu4;Live Reginaldo Gotardo (CEO & Co-Founder da Educacross) - Inteligência Artificial e Educação
TjucFl_RqSI;Live Edmar Caldas (Docente na FIAP) - Combinação de modelos com IBM SPSS Modeler
iPCWCC7E30Y;Live Felipe Maia Polo (Research Assistant) - Introdução à Simulação de Monte Carlo em Python
kQHP3AocS00;Live Daniel Freitas (Líder técnico | Dock) - Introdução ao Docker
Vv5k5TH-RW4;Live Andressa Freires (Cientista de Dados PicPay) - Data Science aplicada em Crédito
lXHyCftvQrI;Live Paula Maçaira (R descomplicado) - Séries temporais com Aplicação no R - Parte 2
BK3MnGIo9v4;Live Adriana Silva (Founder Asn.Rocks e JEDI em Analytics) - Uma visão não supervisionada dos dados
hnTHBzmmkTI;Live Rafael de Freitas (Montvero) - Introdução ao R para ciências de dados
wmq36IGJy-s;Live Eder Cassettari (CEO & Owner, Lean Six Sigma MBB) - Introdução ao Lean Six Sigma
pFnwtcnQkEY;Live Stefano Carnevalli (Data Storyteller) - Power BI como apresentação da história dos dados
EXy8iI-ttW0;Live Paula Maçaira (R descomplicado) - Séries temporais com Aplicação no R - Parte 1
DQSkOUGDCcM;Live Marcos Severo (Prof. UFG) - Data Science em Marketing
2bw7_qeVt-w;Live Ana Carolina Dias (Descomplica Estatística ) - Dashboard interativo com Flexdashboard + Shiny
k58qQUc0Z5k;Live Junior Goulart (Engenheiro de dados) - Projeto de integração com a Alexa
Bot-dlln2kc;Live Mateus Cichelero (Data Science) - Robô Laura - Gestão e processos eficientes na saúde com IA
_6gwgAZ4vrc;Live Athos Damiani ( Co-fundador Curso-R) - Blog com R distill no github em minutos.
QcPYs6atWuQ;Live Rubens José (Mestrado na UFPR) - Gestão de projetos e o Critical Path Method: novo pacote no R
9Y3UVKKRiNI;Live Fábio Baldini (Professor Instituto X) - Regressão logística utilizando Excel
9mo7l7VBTkw;Live Denise (Bióloga e Designer de Experiências de Aprendizagem) - Biomimética na ciências de dados
qYXZQRnd0A8;Live Thiago Marques (Criador da Comunidade de Estatística) - O chá da negociação
mcjVR9_Zpc0;Live Marcos dos Santos (Prof. IME) - Ferramentas Computacionais de Apoio à Tomada de Decisão
TKk_KJ2qimc;Live Tuffy Nissim (Web Analytics Expert Cognitivo.AI) - Datavis contexto e intenção
_-17Kx4Ah4A;Live Téo Calvo (Docente da ASN.Rocks) - Introdução de SQL e Python
MI4WE08Z0i4;Live Paula Basilone (Data Science Manager) - Classificação de imagens por meio de análise de imagem
zyglqtR9j_U;Live Fernanda Maciel (Prof. Califórnia University) - Business Analytics
8-SKhibaXgA;Live Ana Paula Appel (Cientista de dados na IBM) - Usando grafos para analisar dados de seguro saúde
MdRx19CqBJw;Live Felipe Campos Penha (Cientista de Dados Sênior) - A Ascensão de MLOps
v4KEdg5TxkA;Live Lilian Carvalho (Coordenadora Marketing Digital FGV) - Aplicações de NLP em Marketing Digital
urmSXKa50-s;Live Luiz Fávero (Board member da Montvero) - Introdução a modelos multinível com aplicação no R
MclkWZKH2Pw;Live Máiron Chaves (Professor no IGTI) - Utilizando Regressão Linear para Previsão de Vendas
YwbCQny8hA4;Live Rafael Sandroni (Founder at Metatext.io, Specialist in NLP and ML) - APIs de NLP
vPpUQTdrjkM;Live Prof. Gustavo Zantut (Analista de dados Boa Vista) - Projeto ENADE/INEP em Python
Y7DBIwsr4jA;Live David Braga (Lead Data Engineer) - Processamento em Streaming  para analytics
SjJ3zYMY79g;Live Tamires Martins (Pesquisadora na Gaia e MINDS)-Inclusão das mulheres na Inteligência Artificial
72BO-qgETXo;Live Celisa Saito (Cognitive Business Consultant) - Dicas práticas para evoluir chatbots
0jjZflUeLuo;Live Marcos Oliveira (Gestão de Crédito) - Estatística Empresarial: Impacto na Tomada de Decisão
x5AcdCLodEs;Live Alexandre Levada (Prof. UFSCAR) - Redução de dimensionalidade não linear - ISOMAP e MDS
5c6tfp4OQUw;Live André Pérez (Engenheiro de Machine learning Senior na Stone) - Conheça o Time de dados da Stone
GRoAngkAdiQ;Live Norberto Berti (Co-Fundador Eurekando) - Desaprendendo Ciências de dados
Xft5YFXzSKA;Live Dorival Leão Pinto Júnior (CEO da Estatcamp) - Estatística não paramétrica
PFQO2ZJoNRc;Live Allan Sene (DataSprints e Data Hackers ) - Oportunidades no mercado de engenharia de dados
Nv5uMx2pQtY;Live Debora Zanini (Coordenadora na Natura) - Introdução à Netnografia: o que é e como aplicar
3TuC79dPbKA;Live Juliana Porto (Graduação na UnB) - Introdução à Linguística Computacional
pU2Fo02Pero;Live Magda Pires - Escore ABC2-SPH: calculando o risco para pacientes hospitalizados por Covid
AMVD6jKJ3_A;Live Daniel Freitas (Líder técnico | Dock) - Criando Api's com R (Utilizando Pacote Plumber)
7RUyk61nd-Y;Live Marcos Oliveira (Prof. visitante FIPECAFI) - Estatística, dados e o Crédito
OeYjZo7tb-A;Live Athos Damiani - (Curso-R) - Introdução ao deeplearning com R torch (Parte 2)
anWnhAp1b4I;Live Nicksson Arrais (Doutorando na UFC) - Séries Temporais | Analisando ações do mercado financeiro
0qXvWzH2rm4;Live Alexandre Levada (Prof. UFSCAR) - Redução de dimensionalidade linear para extração de atributos
oxsEIXeZjv8;Live Jodavid Ferreira (Doutorando na UFPE) - Webscraping com Rvest
7IpQ3n7Jc3o;Live Patrícia Novais (Head Data Scientist Sulmérica) - Das galáxias ao mundo corporativo
b81QmU9qh6Y;Live Athos Damiani - (Curso-R) - Introdução ao deeplearning com R torch
65Mpuj9_u4g;Live Fabiano Borges - Chefe de Divisão CAPES -  Produção Científica e Análise de dados
AcswX5Puqbs;Live Anderson Ara (LED-UFBA) e Caroline  (CeMEAI-USP) - Plataforma de Sport's Analytics
Z2nG11j-zrw;SORTEIO - ASN.Rocks: Curso Modelos não supervisionados + Livro + Bolsa Comunidade de Estatística
O6JjTbe-9e0;Live Norberto Berti - Criador do Eurekando - Humantopia: Uma viagem pelo DNA dos dados
fpGIqtlAKmc;Live Carla Viana -Estatística (UFMG)  - Testes não Paramétricos
B6ONutV6b50;Live Daniele Dantas(Diretora na Axía Inteligência em Negócios Culturais)-Gestão Cultural Data driven
kV6YEViosa4;Live Marcos Alenxandre(Dono da Cleusa)-Criando sua assistente virtual com voice recognition e IoT
OF9QSl1Jw-Y;Letícia Otero Atuaria Sr - Modelos de Classificação de Acidentes rodoviários
zdFgSUGzqok;Live Andressa Freires - Cientista de Dados  PicPay - Algoritmos de IA preconceituosos
TMPeqUxP7Zk;Live Angela Achcar -Mestre em Saúde (USP) -Evolução da bioestatística com a era da ciência de dados
D9drSROQ5F0;Aula 11: Marketing Analytics - Prof. Thiago Marques(USP/IBGE) e Marcos Severo (UFG)
mgjKvpj6LG0;Live Marcus Montenegro - Especialista Alteryx na Data meaning - Modelagem preditiva com Alteryx
jAl-GvLnAiw;Live Felipe Marcel - Pós Dr e Pesquisador (IOUSP) - Estudo de caso com redes complexas no Twitter
pmRWamMXBk4;Live Paulo Tadeu - Dr. Estatístico USP e PHD IPEN-CNEN/SP-  Análise de dados discrepantes no R
s69b9xC6CYE;Aula 10: Marketing Analytics - Prof. Thiago Marques(USP/IBGE) e Marcos Severo (UFG)
H_ntECiiAbI;Suellen Teixeira-Mestre em Eng. de Produção-Redes Neurais Artificiais com abordagem estatística
Knh6gLOGn3w;Live André Perez -  Engenheiro de dados Senior na Stone - Construindo um Data Lake  na AWS
DakioM831Ng;Aula 09: Marketing Analytics - Prof. Thiago Marques(USP/IBGE) e Marcos Severo (UFG)
-aE886yUXts;Análise Estatística do banco de dados ENADE INEP 2017 - Curso de Geografia - Lana Reis
2V3htLgjAec;Uso do software QGIS na produção de Inteligência Espacial com Geoestatística - Prof. Mônica Passos
o9U9y6260cA;Aula 08: Marketing Analytics - Prof. Thiago Marques(USP/IBGE) e Marcos Severo (UFG)
8QsxgNbbWis;Workshop UFV - Introdução a Análise de Grafos no R - VII  Semana Acadêmica de Matemática
urZrpXYi3pI;Live Mauricio Onoda - Senior AI/ML Firjan - Desafios de inovação na indústria com Data Science
_xAMeE6t1xM;Live Fernanda Maciel- prof. Califórnia University-Intro. aos intervalos de confiança e Visualizações
pUavO7dVRGk;Live - Uso e aplicações de modelos estatísticos em Ecologia e Geografia
oMvYTGm_meU;Live Rafael Moral -Professor Maynooth University ( Irlanda ) - An introduction to Data Science
flgxzuxNJpA;Live Carlos Oeiras - Cientista de Dados - Modelo de decisão para risco de Crédito
gMovs4Y6L9Y;Aula 07: Marketing Analytics - Prof. Thiago Marques(USP/IBGE) e Marcos Severo (UFG)
mWv8s3g7ZaI;SORTEIO BOLSAS GUILHERME BARBAZA - 2 VAGAS COMUNIDADE DE ESTATÍSTICA PROF. THIAGO MARQUES
h4ea_T4oQ7Y;Aula 05 da Semana de Estatística - Introdução à probabilidade com aplicação no R
r-Sx-CHfrKg;Sorteio de 3 ingressos para Workshop I2AI Experience
Dff5PzSbxvE;Live Ricardo Costa -Diretor Aprimorart e conselheiro do CONFE - Por quê Estatística?
QNPnK-L-8Yk;Live Paulo Castilho - PETROBRÁS - Índices de Preços
m2u072fyduo;Live Matheus de Paula-Graduando Eng Energia(UNESP)-Aprendizado Supervisionado no cenário energético
viVqepH04So;Aula 05: Marketing Analytics - Prof. Thiago Marques(USP/IBGE) e Marcos Severo (UFG)
wbMVnSN92VA;Live Carla Vianna -Estatística (UFMG)  - Testes não Paramétricos
6VoKWYZdBzg;Aula 04: Marketing Analytics - Prof. Thiago Marques(USP/IBGE) e Marcos Severo (UFG)
0QmXEOKMVcI;Live Ana Scalet - Cientista de Dados Gol Linhas Aéreas - Séries temporais com dados de Música
ZYRk8UUZh2o;Live Iara Vianna - Mestre em Ciência Política ( UFMG) - Marketing Estratégico
SpK_kFIohgg;Live Rafael Valle - Senior Research Scientist at NVIDIA - modelos de síntese de fala na NVIDIA
TvYxiieOpYQ;Live Anderson Amaral-Mestre Ciência de Dados (UCD)-Tornando uma empresa ai-driven: maiores desafios
ja-3XTuSAts;Live Rocío Cairo - Coordenadora de Analytics (Aon) - Lei de Benford para Detecção de Fraude
KqB3j3mDyT4;Aula 03: Marketing Analytics - Prof. Thiago Marques(USP/IBGE) e Marcos Severo (UFG)
Uw_MVOU35LU;Live Lincoln Jyo - Arquiteto e Urbanista (FAU-USP)  - BIM: do design à manipulação de dados
eS4jWQa1TpA;Live Paulo Tadeu - Doutor em Estatística USP e PHD IPEN-CNEN/SP- Métodos de Outlier Multivariados
QkJ7QekZtic;Live Eric Fernandes - Doutor pela VU Amsterdam - Modelagem de Contágio Usando Redes Complexas
p8FSwWPyFwc;Live Cláudio Pinheiro - Sênior DS IBM - IA aplicada ao combate aos preconceitos e vieses
m4wZmFkaGQo;Aula 02: Marketing Analytics - Prof. Thiago Marques(USP/IBGE) e Marcos Severo (UFG)
uWxHvt20Fwk;Estatística em astronomia em  Python - Prof Danilo Morales (USP/ITA) e Thiago Marques (ENCE/IBGE)
Cd2czel8z8o;Live Marcos Luppe - Coordenador de MBA (USP) -  A digitalização no mercado brasileiro.
GYjRn7Gz-FI;Live Deoclides Souza - Professor da ESPM - Sales Analytics : Estatística no mundo corporativo
lRTR7XHwOe4;Aula 01: Marketing Analytics - Prof. Thiago Marques(USP/IBGE) e Marcos Severo (UFG)
BC12OfwbNJo;Live Fernanda Maciel - prof. Califórnia University - Introdução a teste de hipóteses
7diJxP-sTDY;Live Stéfano Carnevalli - Cofundador e mentor da Sýndreams - Data Storytelling
qFbmq1SlrCs;Live Galo Carlos - Professor na FIA, BSP, Ibmec, FIAP, Insper - People Analytics para RH
sJoe7q4sB4I;Live João Oliveira - Analista de BI da GAVB - Web Scraping com Power BI
RME751XPxoE;Live 18 - Introdução à Probabilidade  - Aula00 - Lives de quinta às 15horas
a8y3r63t1-M;Live Tadeu Rocha - Chief Data Officer (Neon) - Prescriptive Analytics: dados direcionando ações
xOlwO8Hhbrg;Live Rodolpho Freire - Dr. IA USP - Crescimento da IA e do analytics na transformação digital
vNn92mk29Ro;Live Jonathan Batista - Co-fundador e Presidente da Neuron - Storytelling com Dados
KQLNvUGqCcg;Live 17 -Projeto Enade/INEP: Geração de Dashboards - Aula06 - Lives de quinta às 15horas
-0glrcObd70;Live Sujit Kadam-Post-Graduation:M.Sc.(Statistics): (Shivaji university)- Animated dashboards with R
NA74OdTDOWc;Live Chanin Nantasenamat - Professor Associado de Bioinformática - Q & A with the Data Professor
3fiIDEs8RX0;Live Thiago Marques, Marcos Severo e Gélio Mendes - Ensino de Data Analytics
VctZXwD7Ves;Live Erick Meira - Dr. Eng. Produção (PUC-RJ) - Novas Abordagens: Seleção e Combinação Time Series
vJ277HBQskA;Live 16 -Projeto Enade/INEP: Geração de Relátorios Automaticos - Aula05 - Lives de quinta às 15horas
MYrrGgSyo6Y;Live Neylson Crepalde - Doutor em Economia e Sociologia Sciences Po/UFMG - Analise de redes
yTfsqhCNj7A;Live Fernando Bastos - Doutor em Estatistica UFMG - Birnbaum–Saunders sample selection model
OH2qjmfz0LM;Live Paulo Tadeu - Doutor em Estatística USP e PHD IPEN-CNEN/SP- Modelando riscos da deficiência
7HWIxzjIto0;Live 15 - Projeto Enade/INEP - Aula04 - Lives de quinta às 15horas
92TDUcd0bIw;Live Danilo Morales - PhD em Astrofísica (USP) -  O Mercado das LawTechs
CNRmBh6azQE;Live Marco Aurélio - Doutor em Controladoria e Contabilidade (FEA/USP) - Modelagem de dados no Stata
telKVhvhzvQ;Live Joseph Rivera - Autor de livros e dono do Canal digilitiks DSA) - Como usar ML de forma efetiva
8YmsusK9_b8;Live Júlio Alcântara -Doutorando Ciência da Computação UFC-Processamento de Dados com MongoDB
wmoviOa4M74;Live 14 - Projeto Enade/INEP - Aula04 - Lives de quinta às 15horas
4ACb87alvjc;Live Adriano Koshiyama- PhD em Ciencia da Computação (UCL) - Novas tendências em Machine Learning
Vua5CCBda1Y;Live Frederico Nesti- Mestrando em ML (KTH)- Modelos Gráficos em Finanças: estudo de risco sistêmico
_41ObIr1nUU;Live Sorteio Casa da Pesquisa Operacional (bolsa 100% + Kindle)
wiRTzKsKXlI;Live 13 - Projeto Enade/INEP - Aula02 - Lives de quinta às 15horas
1ji0x5FQ04c;Live CPO de Grafos (teoria e prática no R) - Casa da Pesquisa Operacional
GYS5JmVafxk;Live Miguel Lellis - Mestrando em Sistemas e Computação IME - Método de Apoio D. PROMETHEE-SAPEVO-M1
JSiDsCRRhOU;Live Marcos Severo- Dr. Administração UnB-Influência da mídia e sentimento na intenção de voto
28ymVN2YCR4;Live Sorteio da Semana Estatistica
_ehtYMU7y3I;Live Alex Souza - Mestre em Ciencia da Computação - Classificação de Notícias com Machine Learning
oGzuSdRLEtc;Live Sidgley Camargo-Dr. em computação e mat. computacional USP-Mineração de dados em redes sociais
YQTwQH6qSp4;Live Júlio Alcântara-Doutorando Ciências da Computação UFC-Pipelines com Kafka+NoSQL+Python(cont)
MIqlCDmIAs0;Live 12 - Projeto Enade/INEP - Aula01 - Lives de quinta às 15horas
E3DRhPymT6Y;Live Vinicius Caridá - Doutor em Computação/AI-  Introdução Support Vector Machine (SVM)
Id1dkzoafaE;Live Carla Bertrand-Mestre em Big Data Universidade Paris -Sua carreira e Sistemas de Recomendação
XnHlNl01LXA;Live Giovane Tortelote - Pós Doutorado Tulane University - Estatistica aplicada análise genômica
H_LC-Tgyq0U;Live Marcos Antonio - Doutor em Estatistica UFScar-USP - Modelos mistos aplicados a covid no Brasil
0cjWw6329hc;Live Gélio Mendes- PhD Eng. de Materiais  Pennsylvnia-Data Analytics (Big Data): Inovação e Finanças
B-17x9RUFBo;Live Magno Silva- Mestre em Economia FGV e CEO Scientia- Proj. internacionais de matemática aplicada
eYxLlPvPGVk;Live João Ataíde - Bacharel Ciência e Tecnlogia e Estagiario InPlantar - Proc. dados geoespaciais
KdHYTw9UrOM;Live 11 - Projeto Enade/INEP - Aula00 - Lives de quinta às 15horas
48vcUqppkeU;Live Clarissa Loureiro - PhD em neurociência Unicamp - IoT e suas aplicações à luz das Smart Cities
sEtaoGP8cpo;Live Rafael Mendonça (MVP Microsoft) e Rafael Oliveira(WSE) -APP Analytics:Quando usar Shiny e PBI
hspMMXm3_l0;Live Mikaeri Ohana - Ml Engineer/DS, Microsoft MVP e Google Dev. -  Introdução ao ML no Azure ML
jc5a7UrVlGI;Live Elisângela Rodrigues - Doutora em Estatística USP - Uma aplicação em dados de sobrevivência
BafCImzWLgg;Live 10 - Gráficos menos tradicionais no R e Point and click
vKFwQcjMQKo;Live André Nardy - PHD em Finanças PUC  SP e  Vice Diretor Geral da Saint Paul -  Finanças
oi-fgIB-8_w;Neylson Crepalde-Dr.Sanduíche Economia e sociologia Sciences Po (Paris)-Pré-processamento de dados
BDu4VF_1Eug;LIVE 09 : Gráficos para variáveis quantitativas no R
-ZYdV3vl7qY;Live Júlio Alcântara - Doutorando Ciências da Computação UFC - Pipelines com Kafka+NoSQL+Python
bWgzcT2OoEY;Live Ricardo Limongi e Daiane Pimenta - Dr.Adm. (EAESP/FGV) e (UnB) - Economia Comportamental
5stGzzQBAZc;Live Mauricio Finotti (mestre em Desenvolvimento de Produtos - USP)  - AI na Industria e Varejo
NgybZAwUPrI;Lives de Quintas às 15 horas - Estatística Descritiva - Live 08
4aD2cufNm5c;Live Júlio Alcântara -  Doutorando em Ciências da Computação (UFC) -   Engenharia de dados com Kafka
Ot2TSfvxsh0;Live Shaiala Marques (Mestre em Direito PUCRS e Professora de Jurimetria) - Jurimetria
FReVVKlMs1Y;Live Paulo Tadeu - Doutor em Estatística USP e PHD IPEN-CNEN/SP - Pesquisas sobre o COVID-19
bPjV6SjWXx0;Live Flávia Costa  - Estatística pela  UFSC -  Trajetória e Área de Modelagem Estatística.
8l-1B0QrJeo;Live Marcos de Souza -Doutorando UFPE-  Seleção de Features por meio de modelos não supervisionados
-4wspArfLEA;Live às Quintas às 15 horas - Estatística Descritiva - Live 07
b6tSxmiXm30;Alexandre Del Rey (Sócio-fundador da I2AI) - Desafios do mundo dos negócios para estatísticos e Ds
i_RHxZo2LsU;Live Walmes Zeviani (Prof. Dr Estatística UFLA e  Prof. UFPR) -  Web Scraping com R
0ZkQbYw8UOE;Live Paula Santos ( PhD em Biofísica USP) - Modelos probabilísticos para  diagnóstico de COVID-19
H2MxaZ4CwTM;Paulo Tadeu (Doutor em Estatística USP e PHD  EESC/STT-USP) - Projetos sobre pessoas com deficiência
F8Gleq-0iVc;Eduardo Ferioli (IME-UFF & Statistics at LSE) - Processos Estocásticos (Teoria e Hands on no R)
jD8V-SoQDKE;Live às Quintas às 15 horas - Estatística Descritiva - Live 06
tjpmnju80XM;Live Pedro de Oliveira - Mestre em Física (CBPF) - Desenvolvimento de um magnetômetro de indução AC
AzGV7rBfDcw;Live  Paula Menezes (Prof. Dr. UFS) -  Raciocínio científico e estrutura de um texto acadêmico
Uz4ryAtTrls;Flávia Figueira (Mestranda em Proteção de Dados) - Dados Pessoais: ciência, proteção e seus impactos
e6a6apE4awc;Live às Quintas às 15 horas - Estatística Descritiva - Live 05
AvtbOQXbrMs;Live Erica Castilho ( Professora Adjunta na UFOP ) - Modelos Multíniveis aplicados à Educação.
dHSQIH3nNpo;Vinicius Brei (MIT Media Lab e Prof. UFRGS) - Predicting Smartphone Upgrades through Deep Learning
nx_psTnnYig;Live às Quintas às 15 horas - Estatística Descritiva - Live 04
yyfR0riojGU;Live Anderson Siqueira (Mestre Engenharia UFABC) -  Apoio ao diagnóstico de transtornos neurologicos
P87jV0T6zvY;Live Cindi Leal (Especialista em IM pela Brasscom) - Gerenciando Pesquisas sobre Mercado imobiliário
bynrGAfJ-6w;Felipe Mafra - Introdução a SQL para Data Science
zl3GAUK7md4;Live Felipe Mafra (Mestrado Conestoga College no Canadá) - Introdução a SQL para Data Science
RWUPt6g3DF4;Live Ronnie Alves (Pesquisador Sênior/Cientista de dados no ITV/Vale) - Ensemble Learning
2Y5F4-sg8K4;Live às Quintas às 15 horas - Estatística Descritiva - Live 03.2
bdtpALVZrQk;Live Luciana Lima (Head Analytics na A3Data) - Uma introdução a TRI (Teoria de Resposta ao ITEM)
uPGFQjUzfvs;Live Naza - Como modelos estocásticos por Bootstrap podem contribuir aos decision makers na saúde
2Dty4aPg86Q;Live Ricardo Dahis ( Doutorando Economia Northwestern University ) -  A importância de dados abertos
1cofTGpUWj0;Live Marcos Santos ( Professor IME) - Problema do Caixeiro Viajante e Carteiro Chinês
reliCzJ5w8A;Live Marcos Santos ( Professor IME) - Problema do Caixeiro Viajante e Carteiro Chinês
1VU9KLOnpEM;Live - Thierry Gregório (Mestre em Finanças (Malaga) ) - Teste de Aderência de Tábuas Atuariais
i0XwVq_-UQA;Live às Quintas às 15 horas - Estatística Descritiva - Live 03
3jwd6I3xxYA;Live - Júlio Cesar  e Leandro Ferreira (Estatística aplicada a biotecnologia e Curva Roc
0ekt870P5f8;Live Gratuita - Isadora Lupchinski (Estatística pela  (UFJF) - Estatística aplicada na área da saúde
-I1V3I5vSPc;Live - Marcus Miranda (Coordenador e Professor de Pós-Graduação UNIFOR) - Introdução a linguagem SQL
F6lKIAlCEBs;Live - Luiz Fávero e Rafael Souza (USP e Montvero)  -  Modelos lineares e não lineares de regressão
mj-YwqdSkvo;Live - Prof.Fernando de Pol -Prof. Dpto Estatística da UFPR - Ferramentas para pesquisa reproduzível
CD-QXp0aZEs;Lives de Estatística com o Prof. Thiago Marques - Live 02
Z2wdSsS15Aw;Sorteio 2 Ebook´s Manual de Análise de dados (Patrícia Belfiori e Luiz Paulo Fávero) Editora GEN
ggof-SZyBmo;Live Prof. Dr Marcos dos Santos - Professor do IME - Introdução à Teoria dos Grafos - exercícios
KA4odCeTpsY;Caroline Lavecchia - Head of Data Engineering (Kumulus Cloud) - Liderando um Time de Data Engineer's
-gx1lC17yfs;Abel Soares e Adriana silva-Prof UFPR e Profa ASN.ROCKS-Otimização e Como reagir com dados faltantes
u4YwEVuebDg;Lives de Estatística com o Prof. Thiago Marques - Live 01
FLmaCYk6wL0;Live Guilherme Neves  - DS Icatu Seguros - Dia a dia de um cientista de dados na Icatu Seguros
JRNotbGmbGk;Live Guilherme Neves  - DS na  Icatu Seguros - Dia a dia de um cientista de dados na Icatu Seguros
7XO7lIVj7DE;Live Marcos Santos e Pablo Berriel - Professor do (IME) e Engenheiro - How to read a paper”
kG93e7a4hbU;Live Marcos Santos - Professor do Instituto Militar (IME)  - Introdução à Teoria dos Grafos
Iwf7XHRNCzk;Live Lincoln Clarete ( Engenheiro de Software (Brooklyn Novayork) ) - Introdução ao Github
j3WPbtZJMeA;Live Antônio Júnior - MBA em DS e Big Data pela UFPR - Análises gráficas point and click no R
DiWVcyh2JxU;Live Antônio Júnior - MBA em DS e Big Data pela UFPR - Análises gráficas point and click no R
Nn2Wmp9ii5s;Live Antônio Júnior - MBA em DS e Big Data pela UFPR - Análises gráficas point and click no R
Hgg0Hpv4HHI;Live Tiago Dantas e Live Luiz Paulo Fávero e Rafael de Freitas - Blu e Montvero
GWccp0AXPI4;Live Marcos dos Santos - Professor do IME - Métodos Ordinais de Borda, Condorcet e Copeland
25JhMg6WzgM;Live Marcos dos Santos - Professor do Instituto Militar de Engenharia (IME) - Método TOPSIS
vH6PdHakgCk;Live Pablo Berriel - Lógica Fuzzy - método COPPE-Cosenza - Utilizando o Software R
KQE4YgJ-kac;Live Claudio Bonel(MVP Microsoft, Prof.SENAC RJ)-Self-service BI, como apoio para tomadas de decisão
Drqx_Aop6-0;Live Juliana Scudilio (PHD em Estatística pela PIGFES na (USP) ) - Análise de Sobrevivência
Qx2Q9fFpXFA;Live - Decisão Tomada sob Risco e o Software Payoff Matrix, com Prof. Dr. Marcos Santos
2dHbF9FlPcQ;Valter Eduardo - Cientista Especialista na Alelo Brasil - Detecção de Fraudes no mercado de crédito
Yrdkfbo5wWo;Live Método ELECTRE: Prof. MSc. Luiz Frederico e Prof. Dr. Marcos Santos
MnUT7B3a8NU;Sorteio bolsa 100% Comunidade de Estatística e Abertura turma 7
g8IuGDtVosk;Decisão Tomada sob Incerteza e o Software Payoff Matrix, com Prof. Dr. Marcos dos Santos (IME)
4Y1S0PGGRYk;Nilton Ueda (Embaixador Tableau America Latina) - Business Intelligence & Analytics with Tableau
NFoSfPBPGKo;Live Natalia Bordin (Estatística na Coordenação - Ministério de Saúde - Estatística e epidemiologia
ShdhhXeYWxw;Live Pedro Menezes - Gestão de dados de futebol de alto desempenho, utilizando o Power BI.
79fAqAyKbRM;Sorteio 5 Ingressos gratuitos Qmeeting 2019
2zONmS7ngUU;Sorteio bolsa 100% Comunidade de Estatística do Prof. Thiago Marques
qV1knn14cSY;Aula gratuita de Gráficos para análise de dados
k32FcFV_6JY;Introdução a Estatística para Data Science (Aula ao vivo Gratuita)
PCEoBC-dzuI;live - teste
EcU82iMdBE8;Live - Introdução a Estatística para Data Science (Aula ao vivo Gratuita)
BNbwRDqmnRk;VÍDEO EXTRAORDINÁRIO-Aula de apoio2-Padronização da média e proporção amostral(NO R)
e7Zyi9AkeuM;VÍDEO EXTRAORDINÁRIO-Aula de apoio-FGV MBA ANALYTICS-Distribuição Normal (Teoria e Prática no R)
j2J_wUCQats;Simulado Estatística - Prof. Thiago Marques
PWc4xuJeZGw;7 de julho de 2021
e8mviu6muk0;Video divulgação Alunos Comunidade lives IG
hV7mBo5MXCw;Maratona de Estatística, Pesquisa Operacional e Ciências de dados - Comunidade de Estatística (V2)
BSMQtszGlnk;Maratona de Estatística, Pesquisa Operacional e Ciências de dados - Comunidade de Estatística
dZoGpfvbxdY;SORTEIO BOLSA GUILHERME BARBAZA - Comunidade de Estatística do Prof. Thiago Marques
AV_a2rEkaWU;Semana da Pesquisa Operacional - CPO (Casa da Pesquisa Operacional)
LNbyktT5jHs;Depoimento Rebecca - Comunidade de Estatística do Prof. Thiago Marques
tD3OGKrnZrM;Depoimento Thales - Comunidade de Estatística do Prof. Thiago Marques
zJqc7SIzxxU;Depoimento Lincoln - Comunidade de Estatística do Prof. Thiago Marques
bwpGgz0Kn_o;12.000 Inscritos EstaTiDados - Muito obrigado 🙏🙏🙏🙏
yD3dE21OxKs;Convidados especiais - Comunidade de Estatística do Professor Thiago Marques
AQAe2QH2dIU;Eneste Depoimentos de Ex- Participantes - Kevin
